Symbol,Bonus(%),Cash(%),Right Share,Fiscal Year
ACLBSL,0.00,0.00,0,2079/2080 BS
ACLBSL,21.00,0.00,0,2077/2078 BS
ACLBSL,8.85,0.00,0,2076/2077 BS
ACLBSL,7.38,0.39,0,2074/2075 BS
ADBL,3.25,9.75,0,2081/2082 BS
ADBL,3.00,7.53,0,2080/2081 BS
ADBL,0.00,0.00,0,2079/2080 BS
ADBL,2.00,11.00,0,2078/2079 BS
ADBL,20.00,1.05,0,2077/2078 BS
ADBL,15.00,0.79,0,2076/2077 BS
ADBL,6.00,24.00,0,2075/2076 BS
ADBL,6.00,15.05,0,2074/2075 BS
ADBL,20.00,1.05,50.00,2073/2074 BS
ADBL,20.00,1.05,0,2072/2073 BS
ADBL,15.00,0.79,0,2071/2072 BS
ADBL,7.00,8.00,0,2070/2071 BS
ADBL,0.00,31.58,0,2069/2070 BS
ADLB,20.00,1.05,0,2078/2079 BS
AHPC,8.00,0.42,0,2081/2082 BS
AHPC,3.00,0.16,100.00,2080/2081 BS
AHPC,8.00,0.42,0,2078/2079 BS
AHPC,10.00,0.53,50.00,2077/2078 BS
AHPC,5.00,0.26,0,2076/2077 BS
AHPC,7.00,0.37,0,2075/2076 BS
AHPC,10.00,0.53,0,2073/2074 BS
AHPC,10.00,0.53,0,2072/2073 BS
AHPC,0.00,11.00,0,2071/2072 BS
AHPC,10.00,0.53,100.00,2070/2071 BS
AHPC,15.00,0.75,0,2069/2070 BS
AHPC,15.00,0.75,0,2068/2069 BS
AHPC,0.00,15.00,0,2067/2068 BS
AKBSL,30.00,1.58,0,2078/2079 BS
AKBSL,19.00,1.00,0,2077/2078 BS
AKJCL,0,0,150.00,2080/2081 BS
AKPL,0,0,100.00,2080/2081 BS
AKPL,10.00,0.00,0,2078/2079 BS
AKPL,17.00,0.89,0,2077/2078 BS
AKPL,5.71,0.29,0,2076/2077 BS
ALBSL,9.50,0.50,0,2081/2082 BS
ALBSL,14.25,0.75,0,2080/2081 BS
ALBSL,0.00,0.00,0,2079/2080 BS
ALBSL,14.29,0.71,0,2078/2079 BS
ALBSL,25.00,1.32,0,2077/2078 BS
ALBSL,15.00,0.79,0,2076/2077 BS
ALBSL,12.00,0.63,0,2075/2076 BS
ALDBL,0,0,69.33,2074/2075 BS
ALICL,0,0,42.00,2081/2082 BS
ALICL,5.10,0.27,0,2080/2081 BS
ALICL,7.75,0.41,0,2079/2080 BS
ALICL,8.50,0.45,0,2078/2079 BS
ALICL,14.50,0.76,0,2077/2078 BS
ALICL,25.00,2.00,0,2076/2077 BS
ALICL,0.00,0.00,60.00,2075/2076 BS
ALICL,0,0,50.00,2074/2075 BS
ALICL,4.00,0.21,0,2073/2074 BS
ALICL,20.00,1.05,0,2072/2073 BS
ALICL,28.50,1.50,0,2070/2071 BS
ALICL,8.29,0.00,0,2068/2069 BS
ALICL,27.00,1.42,0,2067/2068 BS
ANLB,14.25,0.75,0,2080/2081 BS
ANLB,10.00,5.00,0,2079/2080 BS
API,5.00,0.26,40.00,2080/2081 BS
API,7.50,0.39,39.36,2078/2079 BS
API,10.50,0.55,29.38,2077/2078 BS
API,9.00,0.00,47.60,2076/2077 BS
API,5.00,0.00,0,2075/2076 BS
API,5.00,0.00,0,2074/2075 BS
API,8.00,0.00,0,2073/2074 BS
API,5.00,0.00,0,2072/2073 BS
AVYAN,0.00,0.00,0,2079/2080 BS
BARUN,4.75,0.25,100.00,2081/2082 BS
BARUN,0,0,100.00,2079/2080 BS
BARUN,5.00,0.26,0,2076/2077 BS
BARUN,5.00,0.26,0,2073/2074 BS
BBC,0.00,14.00,0,2075/2076 BS
BFC,0,0,130.00,2074/2075 BS
BFC,20.00,0.00,0,2067/2068 BS
BGWT,14.00,6.00,0,2081/2082 BS
BGWT,4.00,10.74,0,2080/2081 BS
BGWT,0.00,10.53,0,2079/2080 BS
BHBL,0.00,6.00,80.00,2074/2075 BS
BHBL,5.55,0.29,100.00,2073/2074 BS
BHBL,20.00,1.05,0,2072/2073 BS
BHBL,20.00,1.05,0,2071/2072 BS
BHDC,8.00,0.00,0,2080/2081 BS
BHDC,0.00,5.26,0,2079/2080 BS
BHDC,5.00,0.03,0,2078/2079 BS
BHL,0,0,100.00,2081/2082 BS
BNL,0.00,20.00,0,2078/2079 BS
BNL,0.00,20.00,0,2074/2075 BS
BNL,0.00,60.00,0,2069/2070 BS
BNL,0.00,70.00,0,2068/2069 BS
BNL,0.00,55.00,0,2067/2068 BS
BNT,0.00,50.00,0,2080/2081 BS
BNT,0.00,60.00,0,2079/2080 BS
BNT,0.00,60.00,0,2078/2079 BS
BNT,0.00,40.00,0,2074/2075 BS
BNT,0.00,25.00,0,2073/2074 BS
BNT,0.00,25.00,0,2071/2072 BS
BNT,0.00,22.00,0,2070/2071 BS
BNT,0.00,85.00,0,2068/2069 BS
BNT,0.00,55.00,0,2067/2068 BS
BOKL,6.00,14.95,0,2078/2079 BS
BOKL,10.00,4.00,0,2077/2078 BS
BOKL,13.00,3.00,0,2076/2077 BS
BOKL,6.00,11.00,0,2075/2076 BS
BOKL,14.00,11.00,0,2074/2075 BS
BOKL,13.25,0.00,0,2073/2074 BS
BOKL,23.00,0.00,0,2072/2073 BS
BPCL,0.00,5.00,0,2080/2081 BS
BPCL,0.00,5.00,0,2079/2080 BS
BPCL,5.00,7.50,0,2078/2079 BS
BPCL,10.00,10.00,0,2077/2078 BS
BPCL,10.00,15.00,0,2076/2077 BS
BPCL,10.00,18.00,0,2075/2076 BS
BPCL,10.00,18.00,0,2074/2075 BS
BPCL,0.00,20.00,0,2073/2074 BS
BPCL,7.00,20.00,0,2072/2073 BS
BPCL,0.00,20.00,0,2071/2072 BS
BPCL,0.00,15.00,66.67,2070/2071 BS
BPCL,0.00,18.00,0,2069/2070 BS
BPCL,0.00,25.00,0,2068/2069 BS
BPCL,0.00,25.00,0,2067/2068 BS
C30MF,0.00,12.75,0,2081/2082 BS
C30MF,0.00,10.00,0,2080/2081 BS
CBBL,8.00,7.00,0,2080/2081 BS
CBBL,5.00,10.00,0,2079/2080 BS
CBBL,22.00,3.26,0,2078/2079 BS
CBBL,27.00,3.00,0,2077/2078 BS
CBBL,22.00,7.00,0,2076/2077 BS
CBBL,27.11,17.21,0,2075/2076 BS
CBBL,18.00,22.00,0,2074/2075 BS
CBBL,19.89,25.11,0,2073/2074 BS
CBBL,40.00,12.70,50.00,2072/2073 BS
CBBL,40.00,12.70,0,2071/2072 BS
CBBL,35.00,10.00,0,2070/2071 BS
CBBL,33.23,15.00,0,2069/2070 BS
CBBL,25.00,17.10,0,2068/2069 BS
CBBL,0.00,25.00,0,2067/2068 BS
CBIL,0.00,12.00,0,2079/2080 BS
CBL,5.00,0.26,0,2078/2079 BS
CBL,5.00,0.26,0,2077/2078 BS
CBL,8.00,0.42,0,2076/2077 BS
CBL,0.00,6.57,0,2075/2076 BS
CBL,0.00,4.05,40.00,2074/2075 BS
CBL,10.25,0.54,0,2073/2074 BS
CBL,2.88,0.15,0,2072/2073 BS
CBL,6.75,0.35,0,2071/2072 BS
CBL,7.00,1.50,0,2070/2071 BS
CBL,0.00,5.75,0,2069/2070 BS
CCBL,4.75,0.25,0,2078/2079 BS
CCBL,5.75,0.30,0,2077/2078 BS
CCBL,5.25,2.25,0,2076/2077 BS
CCBL,2.00,4.75,0,2075/2076 BS
CCBL,2.00,4.50,40.00,2074/2075 BS
CCBL,5.00,5.00,30.00,2073/2074 BS
CCBL,10.00,0.00,25.00,2072/2073 BS
CCBL,9.00,0.47,0,2071/2072 BS
CCBL,6.00,3.47,0,2070/2071 BS
CFCL,0.00,0.00,0,2079/2080 BS
CFCL,0.00,5.00,0,2078/2079 BS
CFCL,3.30,7.70,0,2077/2078 BS
CFCL,7.00,3.00,0,2076/2077 BS
CFCL,0.00,7.00,0,2075/2076 BS
CFCL,0.00,7.00,50.00,2074/2075 BS
CFCL,8.77,0.00,0,2073/2074 BS
CFCL,22.50,1.74,0,2072/2073 BS
CFCL,33.00,1.74,0,2071/2072 BS
CFCL,10.00,0.00,0,2069/2070 BS
CHCL,10.00,2.00,0,2080/2081 BS
CHCL,10.00,5.00,0,2079/2080 BS
CHCL,7.50,7.50,0,2078/2079 BS
CHCL,7.50,7.50,0,2077/2078 BS
CHCL,10.00,10.00,0,2076/2077 BS
CHCL,20.00,5.00,0,2075/2076 BS
CHCL,20.00,5.00,0,2074/2075 BS
CHCL,15.00,10.00,0,2073/2074 BS
CHCL,10.00,10.00,0,2072/2073 BS
CHCL,15.00,12.00,0,2071/2072 BS
CHCL,20.00,15.00,0,2070/2071 BS
CHCL,30.00,10.00,0,2069/2070 BS
CHCL,30.00,20.00,0,2068/2069 BS
CHCL,40.00,30.00,0,2067/2068 BS
CHDC,11.00,0.00,0,2080/2081 BS
CHDC,11.00,0.58,0,2078/2079 BS
CHL,0,0,100.00,2081/2082 BS
CHL,0,0,30.00,2078/2079 BS
CHL,5.00,0.26,0,2076/2077 BS
CHL,5.00,0.26,0,2075/2076 BS
CHLBS,7.00,10.89,0,2075/2076 BS
CIT,7.00,6.00,0,2080/2081 BS
CIT,14.00,0.74,0,2079/2080 BS
CIT,25.00,1.32,0,2078/2079 BS
CIT,30.00,1.58,0,2077/2078 BS
CIT,9.00,8.89,82.84,2076/2077 BS
CIT,22.00,1.16,0,2075/2076 BS
CIT,22.00,1.16,0,2074/2075 BS
CIT,22.06,1.16,0,2073/2074 BS
CIT,22.00,1.16,0,2072/2073 BS
CIT,21.85,1.15,0,2071/2072 BS
CIT,35.00,6.84,0,2070/2071 BS
CIT,50.00,2.63,0,2069/2070 BS
CIT,38.89,0.00,0,2068/2069 BS
CIT,35.00,0.00,0,2067/2068 BS
CITY,0,0,80.00,2082/2083 BS
CLI,26.98,1.42,0,2080/2081 BS
CLI,5.00,0.26,0,2079/2080 BS
CMF1,0.00,9.00,0,2080/2081 BS
CMF1,0.00,40.00,0,2077/2078 BS
CMF1,0.00,15.00,0,2076/2077 BS
CMF1,0.00,7.00,0,2075/2076 BS
CMF2,0.00,8.25,0,2081/2082 BS
CMF2,0.00,6.50,0,2080/2081 BS
CMF2,0.00,8.00,0,2079/2080 BS
CMF2,0.00,40.00,0,2077/2078 BS
CMF2,0.00,10.00,0,2076/2077 BS
CORBL,5.00,0.26,150.00,2078/2079 BS
CYCL,30.00,1.58,0,2078/2079 BS
CZBIL,0.26,5.00,0,2081/2082 BS
CZBIL,4.00,0.21,0,2080/2081 BS
CZBIL,0.00,5.79,0,2079/2080 BS
CZBIL,0.00,9.00,0,2078/2079 BS
CZBIL,12.91,3.09,0,2077/2078 BS
CZBIL,8.00,3.00,0,2076/2077 BS
CZBIL,3.00,12.00,0,2075/2076 BS
CZBIL,3.63,1.64,0,2074/2075 BS
CZBIL,16.00,1.00,25.00,2073/2074 BS
CZBIL,15.80,0.83,55.00,2072/2073 BS
CZBIL,20.00,1.05,0,2071/2072 BS
CZBIL,13.00,5.95,0,2070/2071 BS
CZBIL,0.00,15.00,0,2069/2070 BS
CZBIL,0.00,8.42,0,2068/2069 BS
CZBIL,5.00,5.53,0,2067/2068 BS
DBBL,8.55,0.00,40.00,2075/2076 BS
DBBL,5.50,0.00,0,2074/2075 BS
DBBL,17.10,0.90,50.00,2073/2074 BS
DBBL,14.00,0.00,0,2072/2073 BS
DBBL,7.69,0.40,0,2071/2072 BS
DDBL,9.50,0.50,0,2080/2081 BS
DDBL,10.00,0.53,0,2079/2080 BS
DDBL,10.00,11.05,0,2078/2079 BS
DDBL,20.00,1.05,0,2077/2078 BS
DDBL,15.00,5.00,0,2076/2077 BS
DDBL,30.00,15.00,0,2075/2076 BS
DDBL,10.00,10.00,0,2074/2075 BS
DDBL,16.00,15.00,100.00,2073/2074 BS
DDBL,35.00,17.63,0,2072/2073 BS
DDBL,50.00,2.63,0,2071/2072 BS
DDBL,35.00,15.00,0,2070/2071 BS
DDBL,20.00,15.00,0,2069/2070 BS
DDBL,0.00,25.00,0,2068/2069 BS
DDBL,0.00,28.00,0,2067/2068 BS
DORDI,0,0,100.00,2081/2082 BS
EBL,6.00,14.00,0,2081/2082 BS
EBL,10.00,5.53,0,2080/2081 BS
EBL,10.00,10.53,0,2079/2080 BS
EBL,13.00,7.68,0,2078/2079 BS
EBL,6.00,4.32,0,2077/2078 BS
EBL,5.00,5.53,0,2076/2077 BS
EBL,5.00,20.00,0,2075/2076 BS
EBL,0.00,20.00,33.33,2074/2075 BS
EBL,33.00,1.74,0,2073/2074 BS
EBL,70.00,3.68,0,2072/2073 BS
EBL,30.00,6.57,0,2071/2072 BS
EBL,12.00,50.00,0,2070/2071 BS
EBL,10.00,50.53,0,2069/2070 BS
EBL,30.00,1.58,0,2068/2069 BS
EBL,10.00,50.00,0,2067/2068 BS
EDBL,0,0,30.00,2078/2079 BS
EDBL,8.50,0.45,0,2077/2078 BS
EDBL,12.00,0.63,0,2076/2077 BS
EDBL,17.10,0.90,0,2075/2076 BS
EDBL,0.00,17.00,50.00,2074/2075 BS
EDBL,30.12,1.58,0,2073/2074 BS
EDBL,25.00,1.31,25.92,2072/2073 BS
EDBL,26.00,1.36,0,2071/2072 BS
EDBL,35.00,1.84,0,2070/2071 BS
EDBL,50.00,2.64,0,2069/2070 BS
EDBL,25.00,0.00,0,2068/2069 BS
EDBL,0.00,25.00,0,2067/2068 BS
EIC,6.00,0.32,0,2077/2078 BS
EIC,8.00,0.42,0,2076/2077 BS
EIC,0,0,300.00,2075/2076 BS
EIC,0,0,105.00,2074/2075 BS
EIC,10.00,0.00,0,2073/2074 BS
EIC,20.00,0.00,0,2072/2073 BS
ENL,0.00,8.42,0,2079/2080 BS
FMDBL,9.00,0.47,0,2080/2081 BS
FMDBL,7.50,7.50,0,2079/2080 BS
FMDBL,19.00,1.00,0,2078/2079 BS
FMDBL,10.00,0.53,0,2077/2078 BS
FMDBL,9.50,4.18,0,2076/2077 BS
FMDBL,17.00,0.89,50.00,2075/2076 BS
FMDBL,0.00,12.63,50.00,2074/2075 BS
FMDBL,15.00,0.79,0,2073/2074 BS
FMDBL,15.00,0.79,0,2072/2073 BS
FMDBL,15.00,0.79,100.00,2071/2072 BS
FMDBL,0.00,15.79,0,2070/2071 BS
FMDBL,0.00,15.00,0,2069/2070 BS
FMDBL,0.00,15.79,0,2068/2069 BS
FOWAD,13.30,0.70,0,2080/2081 BS
FOWAD,25.00,5.00,0,2078/2079 BS
FOWAD,35.00,7.00,0,2077/2078 BS
FOWAD,25.00,6.58,0,2076/2077 BS
FOWAD,32.50,12.50,0,2075/2076 BS
FOWAD,25.00,20.00,0,2074/2075 BS
FOWAD,50.00,15.00,0,2073/2074 BS
GBBL,6.00,4.53,0,2081/2082 BS
GBBL,0.00,5.00,0,2080/2081 BS
GBBL,9.50,0.50,0,2079/2080 BS
GBBL,13.00,1.50,0,2078/2079 BS
GBBL,16.00,0.00,0,2077/2078 BS
GBBL,13.50,0.71,0,2076/2077 BS
GBBL,16.15,0.85,0,2075/2076 BS
GBBL,10.00,3.75,70.00,2074/2075 BS
GBBL,15.00,0.00,0,2073/2074 BS
GBBL,20.00,0.00,0,2072/2073 BS
GBBL,20.00,0.00,25.00,2071/2072 BS
GBBL,20.00,1.05,50.00,2070/2071 BS
GBBL,20.00,5.00,0,2069/2070 BS
GBBL,10.00,15.00,0,2068/2069 BS
GBBL,0.00,18.00,0,2067/2068 BS
GBIME,0.00,8.00,0,2081/2082 BS
GBIME,5.50,0.00,0,2080/2081 BS
GBIME,1.00,8.00,0,2079/2080 BS
GBIME,3.00,10.60,0,2078/2079 BS
GBIME,10.00,3.50,0,2077/2078 BS
GBIME,14.00,2.00,0,2076/2077 BS
GBIME,12.75,12.75,0,2075/2076 BS
GBIME,16.00,0.00,0,2074/2075 BS
GBIME,10.00,10.00,0,2073/2074 BS
GBIME,16.00,0.00,0,2072/2073 BS
GBIME,23.00,0.00,0,2071/2072 BS
GBIME,21.00,4.00,0,2070/2071 BS
GBIME,15.00,0.00,0,2069/2070 BS
GBIME,3.00,10.00,0,2068/2069 BS
GBLBS,0,0,500.00,2075/2076 BS
GCIL,15.00,0.00,0,2079/2080 BS
GDBL,0.00,17.32,0,2075/2076 BS
GDBL,0.00,14.20,25.00,2074/2075 BS
GDBL,19.31,0.00,0,2073/2074 BS
GDBL,19.75,1.03,0,2072/2073 BS
GDBL,23.00,1.21,0,2071/2072 BS
GDBL,10.00,10.00,0,2070/2071 BS
GDBL,0.00,14.00,0,2069/2070 BS
GDBL,14.50,0.00,0,2068/2069 BS
GDBL,10.00,10.00,0,2067/2068 BS
GFCL,9.10,3.90,0,2077/2078 BS
GFCL,8.40,3.60,0,2076/2077 BS
GFCL,0.00,10.00,0,2075/2076 BS
GFCL,0.00,5.26,60.00,2074/2075 BS
GFCL,10.19,0.54,0,2073/2074 BS
GFCL,25.00,1.32,0,2072/2073 BS
GFCL,10.00,0.00,0,2071/2072 BS
GFCL,6.28,7.72,0,2070/2071 BS
GFCL,0.00,7.37,0,2069/2070 BS
GFCL,3.50,5.50,0,2068/2069 BS
GHL,0,0,200.00,2080/2081 BS
GIBF1,0.00,12.00,0,2081/2082 BS
GIBF1,0.00,5.00,0,2080/2081 BS
GIBF1,0.00,5.00,0,2079/2080 BS
GILB,0.00,10.00,0,2079/2080 BS
GILB,12.00,8.00,0,2078/2079 BS
GILB,28.00,0.00,0,2077/2078 BS
GILB,27.47,1.45,0,2076/2077 BS
GILB,17.50,0.92,100.00,2075/2076 BS
GILB,15.00,0.79,0,2074/2075 BS
GILB,20.00,1.05,50.00,2073/2074 BS
GILB,0.00,20.00,0,2072/2073 BS
GILB,13.00,0.68,0,2071/2072 BS
GIMES1,0.00,100.00,0,2077/2078 BS
GLBSL,14.25,0.75,0,2081/2082 BS
GLBSL,14.25,0.75,0,2080/2081 BS
GLBSL,4.00,0.21,0,2078/2079 BS
GLBSL,16.91,0.89,0,2077/2078 BS
GLBSL,7.61,0.40,0,2075/2076 BS
GLICL,13.27,0.00,0,2078/2079 BS
GLICL,7.44,0.39,100.00,2076/2077 BS
GLICL,5.50,0.29,50.00,2075/2076 BS
GLICL,5.25,0.00,0,2074/2075 BS
GLICL,8.00,0.42,0,2073/2074 BS
GLICL,8.00,0.42,0,2072/2073 BS
GLICL,10.00,0.52,0,2071/2072 BS
GLICL,6.50,0.00,0,2068/2069 BS
GMFBS,19.00,1.00,0,2077/2078 BS
GMFBS,15.00,0.79,0,2076/2077 BS
GMFBS,7.00,0.36,0,2075/2076 BS
GMFIL,7.00,0.37,0,2078/2079 BS
GMFIL,10.00,0.53,0,2077/2078 BS
GMFIL,8.00,3.40,0,2076/2077 BS
GMFIL,0.00,6.50,0,2075/2076 BS
GMFIL,0.00,5.26,40.00,2074/2075 BS
GMFIL,15.80,0.00,50.00,2073/2074 BS
GMFIL,12.00,0.63,0,2072/2073 BS
GMFIL,15.00,0.79,0,2071/2072 BS
GMFIL,23.75,1.25,0,2070/2071 BS
GMFIL,15.00,2.00,0,2069/2070 BS
GMFIL,15.00,0.79,0,2068/2069 BS
GMFIL,15.00,0.79,0,2067/2068 BS
GRDBL,5.75,0.30,0,2080/2081 BS
GRDBL,3.80,0.20,0,2078/2079 BS
GRDBL,3.80,0.20,0,2076/2077 BS
GRDBL,0,0,400.00,2074/2075 BS
GSY,0.00,5.10,0,2081/2082 BS
GUFL,0,0,50.00,2074/2075 BS
GUFL,7.00,0.00,0,2071/2072 BS
GVL,10.00,0.53,0,2080/2081 BS
H8020,0.00,16.16,0,2081/2082 BS
H8020,0.00,6.00,0,2080/2081 BS
HAMRO,0,0,200.00,2074/2075 BS
HATHY,12.00,0.63,0,2081/2082 BS
HATHY,10.00,0.53,0,2080/2081 BS
HATHY,10.00,0.53,0,2079/2080 BS
HBL,11.11,8.00,0,2078/2079 BS
HBL,21.38,4.62,0,2077/2078 BS
HBL,14.00,6.00,0,2076/2077 BS
HBL,10.00,12.00,0,2075/2076 BS
HBL,5.00,10.78,0,2074/2075 BS
HBL,25.00,1.32,14.29,2073/2074 BS
HBL,30.00,1.57,0,2072/2073 BS
HBL,35.00,7.10,0,2071/2072 BS
HBL,15.00,6.05,0,2070/2071 BS
HBL,5.00,10.00,0,2069/2070 BS
HBL,15.00,13.42,0,2068/2069 BS
HBL,20.00,16.84,0,2067/2068 BS
HDHPC,0,0,75.00,2079/2080 BS
HDL,20.00,5.00,0,2081/2082 BS
HDL,15.00,5.00,0,2080/2081 BS
HDL,10.00,15.00,0,2079/2080 BS
HDL,60.00,10.00,0,2078/2079 BS
HDL,75.00,25.00,0,2077/2078 BS
HDL,50.00,50.00,0,2076/2077 BS
HDL,50.00,52.63,0,2075/2076 BS
HDL,0.00,21.05,0,2074/2075 BS
HDL,0.00,68.42,0,2074/2075 BS
HDL,0.00,21.05,0,2073/2074 BS
HDL,0.00,20.00,0,2072/2073 BS
HDL,0.00,20.00,0,2071/2072 BS
HDL,0.00,10.52,0,2070/2071 BS
HEI,0.00,8.75,0,2080/2081 BS
HEI,8.63,6.37,0,2079/2080 BS
HEI,2.75,0.14,0,2078/2079 BS
HGI,6.65,0.35,0,2077/2078 BS
HGI,3.00,3.75,0,2076/2077 BS
HGI,4.00,3.75,0,2075/2076 BS
HGI,0,0,167.00,2074/2075 BS
HGI,0.00,15.00,0,2073/2074 BS
HGI,20.00,1.05,0,2072/2073 BS
HGI,20.00,1.05,0,2071/2072 BS
HGI,7.00,3.25,148.01,2070/2071 BS
HIDCL,0.00,5.25,0,2080/2081 BS
HIDCL,0.00,5.26,0,2079/2080 BS
HIDCL,5.00,0.26,0,2078/2079 BS
HIDCL,8.00,0.42,0,2077/2078 BS
HIDCL,0.00,12.00,0,2075/2076 BS
HIDCL,10.00,0.00,0,2074/2075 BS
HIDCL,0.00,5.00,0,2073/2074 BS
HIDCL,0.00,5.00,0,2072/2073 BS
HLBSL,11.00,0.58,0,2078/2079 BS
HLBSL,19.00,1.00,0,2077/2078 BS
HLBSL,3.50,0.18,100.00,2076/2077 BS
HLBSL,5.00,5.00,0,2075/2076 BS
HLBSL,4.00,3.89,0,2074/2075 BS
HLBSL,4.50,0.23,0,2073/2074 BS
HLBSL,5.00,0.26,0,2072/2073 BS
HLI,0.00,8.00,0,2080/2081 BS
HLI,14.00,0.00,0,2079/2080 BS
HRL,4.50,0.24,0,2080/2081 BS
HRL,4.00,0.21,0,2079/2080 BS
HURJA,0,0,100.00,2080/2081 BS
ICFC,0.00,15.79,0,2081/2082 BS
ICFC,0.00,5.26,0,2080/2081 BS
ICFC,0.00,6.50,0,2079/2080 BS
ICFC,5.00,5.00,0,2078/2079 BS
ICFC,10.00,4.00,0,2077/2078 BS
ICFC,10.50,4.50,0,2076/2077 BS
ICFC,5.00,8.00,0,2075/2076 BS
ICFC,0.00,8.00,0,2074/2075 BS
ICFC,10.00,11.05,0,2073/2074 BS
ICFC,17.00,0.89,50.00,2072/2073 BS
ICFC,10.50,0.55,0,2071/2072 BS
ICFC,14.00,0.74,0,2070/2071 BS
ICFC,5.00,10.79,0,2069/2070 BS
ICFC,0.00,8.42,0,2068/2069 BS
ICFC,8.00,7.00,0,2067/2068 BS
IGI,0.00,9.74,0,2080/2081 BS
IGI,0,0,40.00,2079/2080 BS
IGIL,6.00,0.32,40.00,2078/2079 BS
IGIL,7.00,0.37,0,2077/2078 BS
IGIL,7.00,0.37,0,2076/2077 BS
IGIL,6.00,0.31,80.00,2075/2076 BS
IGIL,5.00,0.00,0,2074/2075 BS
IGIL,0,0,100.00,2073/2074 BS
IGIL,0,0,80.00,2072/2073 BS
IGIL,0,0,0,2067/2068 BS
ILBS,20.00,0.00,0,2078/2079 BS
ILBS,27.70,1.46,0,2077/2078 BS
ILBS,14.25,0.75,0,2076/2077 BS
ILBS,10.00,5.00,0,2075/2076 BS
ILI,0.00,21.05,0,2080/2081 BS
ILI,25.00,1.32,0,2079/2080 BS
JALPA,0.00,0.00,0,2079/2080 BS
JALPA,14.25,0.75,0,2078/2079 BS
JBBL,3.00,3.80,0,2078/2079 BS
JBBL,11.00,4.50,0,2077/2078 BS
JBBL,10.00,0.00,0,2076/2077 BS
JBBL,12.75,0.00,0,2075/2076 BS
JBBL,0.00,8.40,100.00,2074/2075 BS
JBBL,10.00,0.00,0,2073/2074 BS
JBBL,11.70,0.00,0,2072/2073 BS
JBBL,9.00,0.00,0,2071/2072 BS
JBBL,7.00,0.00,0,2070/2071 BS
JBBL,7.00,5.60,0,2069/2070 BS
JBBL,0.00,8.50,0,2067/2068 BS
JBLB,14.00,0.74,0,2080/2081 BS
JBLB,14.00,0.74,0,2079/2080 BS
JBLB,14.29,0.71,0,2078/2079 BS
JBLB,70.00,3.68,0,2077/2078 BS
JBNL,0,0,50.00,2073/2074 BS
JEFL,0,0,40.00,2075/2076 BS
JEFL,0,0,100.00,2074/2075 BS
JFL,15.00,0.79,0,2077/2078 BS
JFL,22.00,1.16,0,2075/2076 BS
JFL,22.00,1.16,0,2074/2075 BS
JFL,18.00,0.00,0,2073/2074 BS
JFL,10.00,0.00,0,2072/2073 BS
JFL,25.00,0.00,0,2071/2072 BS
JFL,70.00,7.00,0,2070/2071 BS
JFL,50.00,0.00,0,2068/2069 BS
JFL,0.00,35.00,0,2067/2068 BS
JLI,10.00,0.53,0,2076/2077 BS
JOSHI,0,0,65.00,2081/2082 BS
JSLBB,0.00,0.00,0,2079/2080 BS
JSLBB,15.00,0.79,0,2078/2079 BS
JSLBB,25.00,1.32,0,2077/2078 BS
JSLBB,49.40,2.60,0,2076/2077 BS
JSLBB,25.00,1.32,100.00,2075/2076 BS
JSLBB,20.00,1.05,0,2074/2075 BS
JSLBB,20.00,1.05,0,2073/2074 BS
JSLBB,20.00,0.00,0,2072/2073 BS
KADBL,10.00,6.00,0,2075/2076 BS
KADBL,5.00,6.29,30.00,2074/2075 BS
KADBL,12.33,0.64,0,2073/2074 BS
KADBL,25.00,1.31,0,2072/2073 BS
KADBL,25.00,1.31,0,2071/2072 BS
KADBL,20.00,1.05,0,2070/2071 BS
KADBL,10.00,5.78,0,2069/2070 BS
KBBL,16.00,2.77,0,2075/2076 BS
KBBL,0.00,17.00,0,2074/2075 BS
KBBL,10.00,9.45,0,2073/2074 BS
KBBL,25.00,0.00,0,2072/2073 BS
KBBL,24.00,0.00,0,2071/2072 BS
KBBL,15.00,10.00,0,2070/2071 BS
KBBL,10.00,9.00,0,2069/2070 BS
KBBL,0.00,12.00,0,2068/2069 BS
KBBL,0.00,11.00,0,2067/2068 BS
KBL,0.00,12.50,0,2078/2079 BS
KBL,6.00,2.67,0,2077/2078 BS
KBL,10.85,3.15,0,2076/2077 BS
KBL,10.00,0.52,20.00,2075/2076 BS
KBL,8.50,0.00,0,2074/2075 BS
KBL,12.75,0.00,50.00,2073/2074 BS
KBL,21.00,1.10,0,2072/2073 BS
KBL,11.00,0.58,0,2071/2072 BS
KBL,33.00,1.74,0,2070/2071 BS
KBL,14.00,0.00,0,2069/2070 BS
KBL,0.00,7.00,0,2068/2069 BS
KBL,8.00,0.44,0,2067/2068 BS
KBSH,10.00,0.00,0,2080/2081 BS
KDBL,0,0,25.00,2073/2074 BS
KDBY,0.00,10.50,0,2081/2082 BS
KDBY,0.00,9.50,0,2080/2081 BS
KDBY,0.00,6.00,0,2079/2080 BS
KEBL,0,0,50.00,2074/2075 BS
KEF,0.00,11.50,0,2081/2082 BS
KEF,0.00,9.50,0,2080/2081 BS
KEF,0.00,10.00,0,2079/2080 BS
KEF,0.00,5.00,0,2077/2078 BS
KKHC,0,0,100.00,2081/2082 BS
KLBSL,7.00,0.37,0,2078/2079 BS
KLBSL,20.00,0.00,0,2077/2078 BS
KMCDB,9.50,0.50,0,2080/2081 BS
KMCDB,19.00,1.00,0,2078/2079 BS
KMCDB,13.00,0.00,0,2077/2078 BS
KMFL,23.95,1.14,50.00,2075/2076 BS
KMFL,29.00,1.53,24.22,2074/2075 BS
KMFL,20.13,1.32,0,2073/2074 BS
KMFL,61.00,3.21,0,2072/2073 BS
KNBL,0,0,214.00,2074/2075 BS
KPCL,7.00,0.37,0,2080/2081 BS
KPCL,10.00,0.53,0,2079/2080 BS
KPCL,15.00,0.79,0,2077/2078 BS
KRBL,0,0,225.00,2074/2075 BS
KRBL,8.00,5.00,50.00,2072/2073 BS
KRBL,11.00,5.00,0,2071/2072 BS
KRBL,25.00,0.00,0,2070/2071 BS
KSBBL,10.00,5.79,0,2081/2082 BS
KSBBL,7.00,5.00,0,2080/2081 BS
KSBBL,4.41,0.23,0,2078/2079 BS
KSBBL,18.50,0.97,0,2077/2078 BS
KSBBL,4.40,0.23,0,2076/2077 BS
KSBBL,0.00,6.80,0,2075/2076 BS
KSBBL,1.50,8.00,15.00,2074/2075 BS
KSBBL,5.50,6.50,0,2073/2074 BS
KSLY,0.00,8.88,0,2081/2082 BS
KSY,0.00,9.00,0,2081/2082 BS
LBBL,3.00,4.00,0,2080/2081 BS
LBBL,4.00,4.50,0,2079/2080 BS
LBBL,3.00,9.00,0,2078/2079 BS
LBBL,13.00,0.68,0,2077/2078 BS
LBBL,7.00,3.00,0,2076/2077 BS
LBBL,5.00,15.00,0,2075/2076 BS
LBBL,17.07,0.00,10.00,2074/2075 BS
LBL,8.00,3.50,0,2077/2078 BS
LBL,9.00,2.50,0,2076/2077 BS
LBL,10.00,5.00,0,2075/2076 BS
LBL,8.50,0.45,0,2074/2075 BS
LBL,10.00,0.53,100.00,2073/2074 BS
LBL,18.29,0.00,0,2072/2073 BS
LBL,0,0,30.00,2071/2072 BS
LBL,20.00,1.05,0,2070/2071 BS
LBL,15.00,0.00,0,2069/2070 BS
LBL,0.00,10.00,0,2068/2069 BS
LBL,5.00,10.79,0,2067/2068 BS
LEC,0,0,50.00,2081/2082 BS
LEMF,0.00,8.00,0,2079/2080 BS
LEMF,0.00,5.00,0,2078/2079 BS
LEMF,0.00,35.00,0,2077/2078 BS
LEMF,0.00,4.25,0,2076/2077 BS
LGIL,7.00,0.35,0,2078/2079 BS
LGIL,9.52,0.48,0,2077/2078 BS
LGIL,5.00,5.00,20.00,2076/2077 BS
LGIL,8.13,0.41,0,2075/2076 BS
LGIL,0,0,100.00,2074/2075 BS
LGIL,12.82,0.67,0,2073/2074 BS
LGIL,18.18,0.96,0,2072/2073 BS
LGIL,13.06,0.00,0,2071/2072 BS
LGIL,10.53,0.00,0,2070/2071 BS
LGIL,10.52,0.00,0,2069/2070 BS
LGIL,9.57,0.00,0,2068/2069 BS
LGIL,13.16,0.00,0,2067/2068 BS
LICN,0,0,88.45,2081/2082 BS
LICN,10.00,0.53,0,2080/2081 BS
LICN,0.00,0.00,0,2079/2080 BS
LICN,20.00,1.05,0,2076/2077 BS
LICN,10.00,0.52,0,2075/2076 BS
LICN,34.46,35.53,0,2074/2075 BS
LICN,12.00,0.63,0,2073/2074 BS
LICN,24.80,1.30,0,2072/2073 BS
LICN,25.00,1.32,0,2071/2072 BS
LICN,30.00,0.00,0,2070/2071 BS
LICN,30.00,1.57,0,2069/2070 BS
LICN,62.00,3.26,0,2068/2069 BS
LLBS,15.00,2.00,0,2078/2079 BS
LLBS,20.00,7.37,0,2077/2078 BS
LLBS,15.00,8.16,0,2076/2077 BS
LLBS,15.00,11.32,0,2075/2076 BS
LLBS,0.00,26.32,0,2074/2075 BS
LLBS,10.00,16.32,100.00,2073/2074 BS
LLBS,0.00,10.53,0,2072/2073 BS
LLBS,10.00,0.53,0,2071/2072 BS
LSL,10.00,0.53,0,2081/2082 BS
LSL,5.00,0.26,0,2080/2081 BS
LSL,7.00,0.37,0,2079/2080 BS
LUK,0.00,20.00,0,2081/2082 BS
LUK,0.00,7.50,0,2080/2081 BS
LUK,0.00,9.50,0,2079/2080 BS
LUK,0.00,5.00,0,2078/2079 BS
LUK,0.00,25.00,0,2077/2078 BS
LVF1,0.00,15.00,0,2074/2075 BS
LVF1,0.00,25.00,0,2073/2074 BS
LVF1,0.00,25.00,0,2072/2073 BS
LVF2,0.00,15.00,0,2081/2082 BS
LVF2,0.00,4.50,0,2080/2081 BS
MANDU,0.00,12.00,0,2080/2081 BS
MANDU,0.00,10.00,0,2079/2080 BS
MBL,4.00,4.00,0,2081/2082 BS
MBL,13.30,0.70,0,2079/2080 BS
MBL,13.30,0.70,0,2077/2078 BS
MBL,7.03,3.37,0,2076/2077 BS
MBL,5.00,11.00,0,2075/2076 BS
MBL,0.00,10.00,12.00,2074/2075 BS
MBL,9.00,6.00,50.00,2073/2074 BS
MBL,20.75,1.09,20.00,2072/2073 BS
MBL,16.00,0.84,0,2071/2072 BS
MBL,12.00,0.63,0,2070/2071 BS
MCML,0.00,24.50,0,2078/2079 BS
MDB,0.00,10.00,0,2081/2082 BS
MDB,9.51,0.50,0,2080/2081 BS
MDB,9.50,0.50,0,2079/2080 BS
MDB,12.32,0.65,0,2078/2079 BS
MDB,13.30,0.70,0,2077/2078 BS
MDB,15.00,0.79,0,2076/2077 BS
MDB,18.53,0.98,0,2075/2076 BS
MDB,17.00,0.89,0,2074/2075 BS
MDB,31.48,1.66,50.00,2073/2074 BS
MDB,30.00,1.58,0,2072/2073 BS
MDB,30.00,1.58,0,2071/2072 BS
MDB,25.00,1.32,0,2070/2071 BS
MDB,20.00,5.00,0,2069/2070 BS
MDB,20.00,0.00,0,2068/2069 BS
MDB,0.00,10.53,0,2067/2068 BS
MEGA,4.00,3.83,0,2078/2079 BS
MEGA,10.00,2.07,0,2077/2078 BS
MEGA,10.00,3.05,0,2076/2077 BS
MEGA,0.00,11.75,0,2075/2076 BS
MEGA,1.00,6.85,65.00,2074/2075 BS
MEGA,10.75,0.00,25.00,2073/2074 BS
MEGA,13.25,0.70,0,2072/2073 BS
MEGA,10.00,0.53,0,2071/2072 BS
MEGA,12.00,0.63,0,2070/2071 BS
MEGA,0.00,9.00,0,2069/2070 BS
MEN,20.00,1.05,0,2081/2082 BS
MEN,15.00,0.79,0,2080/2081 BS
MEN,15.00,0.79,0,2079/2080 BS
MEN,0.00,10.53,0,2078/2079 BS
MERO,7.50,0.39,0,2080/2081 BS
MERO,10.00,10.00,0,2078/2079 BS
MERO,20.00,1.05,0,2077/2078 BS
MERO,16.94,0.89,0,2076/2077 BS
MERO,30.00,1.58,100.00,2075/2076 BS
MERO,15.00,11.32,0,2074/2075 BS
MERO,30.00,12.11,0,2073/2074 BS
MERO,10.00,10.00,0,2072/2073 BS
MFIL,0.00,15.00,0,2081/2082 BS
MFIL,0.00,6.35,0,2080/2081 BS
MFIL,0.00,5.26,0,2079/2080 BS
MFIL,40.00,6.00,0,2077/2078 BS
MFIL,18.00,5.50,0,2076/2077 BS
MFIL,1.75,9.80,5.00,2075/2076 BS
MFIL,0.00,2.90,0,2074/2075 BS
MFIL,5.71,0.32,175.00,2073/2074 BS
MFIL,14.00,0.74,0,2072/2073 BS
MFIL,11.40,0.60,0,2071/2072 BS
MFIL,0.00,7.50,0,2070/2071 BS
MFIL,0.00,8.00,0,2068/2069 BS
MFIL,12.50,0.00,0,2067/2068 BS
MHL,5.00,0.26,0,2080/2081 BS
MHL,4.75,0.25,0,2079/2080 BS
MHL,0.00,5.00,0,2078/2079 BS
MKCL,8.00,0.42,0,2081/2082 BS
MKJC,2.22,0.12,0,2079/2080 BS
MKLB,4.75,0.25,0,2078/2079 BS
MKLB,17.00,0.00,0,2077/2078 BS
MLBBL,14.25,0.75,0,2080/2081 BS
MLBBL,15.00,0.79,0,2078/2079 BS
MLBBL,25.00,1.32,0,2077/2078 BS
MLBBL,12.00,0.63,0,2076/2077 BS
MLBBL,15.00,0.78,50.00,2075/2076 BS
MLBBL,10.45,0.54,0,2074/2075 BS
MLBBL,15.00,0.78,0,2073/2074 BS
MLBBL,12.66,0.66,50.00,2072/2073 BS
MLBBL,20.00,0.00,0,2071/2072 BS
MLBBL,20.00,1.05,0,2070/2071 BS
MLBL,5.00,5.37,0,2081/2082 BS
MLBL,3.00,4.00,0,2080/2081 BS
MLBL,0.00,6.40,0,2079/2080 BS
MLBL,4.00,6.47,0,2078/2079 BS
MLBL,20.00,1.05,0,2077/2078 BS
MLBL,8.80,0.46,0,2076/2077 BS
MLBL,8.00,9.89,0,2075/2076 BS
MLBL,8.00,7.00,0,2074/2075 BS
MLBL,0.00,9.00,0,2073/2074 BS
MLBL,8.00,0.00,0,2072/2073 BS
MLBSL,0.00,0.00,0,2079/2080 BS
MLBSL,47.50,2.50,0,2078/2079 BS
MLBSL,47.50,2.50,0,2077/2078 BS
MMDBL,0,0,50.00,2074/2075 BS
MMF1,0.00,11.75,0,2081/2082 BS
MMFDB,0.00,0.00,0,2079/2080 BS
MMFDB,23.00,0.00,0,2078/2079 BS
MMFDB,20.00,0.00,0,2077/2078 BS
MMFDB,9.20,0.48,0,2076/2077 BS
MMFDB,45.00,2.37,100.00,2075/2076 BS
MMFDB,24.00,1.26,50.00,2074/2075 BS
MMFDB,30.00,0.00,0,2073/2074 BS
MMFDB,50.00,2.63,0,2072/2073 BS
MMFDB,0.00,0.00,0,2071/2072 BS
MNBBL,13.53,4.67,0,2081/2082 BS
MNBBL,9.75,0.51,0,2079/2080 BS
MNBBL,13.50,0.71,0,2078/2079 BS
MNBBL,17.58,0.93,0,2077/2078 BS
MNBBL,11.25,4.26,20.00,2076/2077 BS
MNBBL,17.60,0.93,0,2075/2076 BS
MNBBL,18.25,0.96,40.00,2074/2075 BS
MNBBL,20.00,1.05,50.00,2073/2074 BS
MNBBL,34.00,0.00,0,2072/2073 BS
MNBBL,31.00,1.63,25.00,2071/2072 BS
MNBBL,38.00,2.00,0,2070/2071 BS
MNBBL,20.00,7.50,0,2069/2070 BS
MNBBL,22.50,27.50,0,2068/2069 BS
MNMF1,0.00,3.80,0,2081/2082 BS
MPFL,0,0,35.00,2080/2081 BS
MPFL,13.00,0.53,0,2077/2078 BS
MPFL,0,0,865.00,2075/2076 BS
MPFL,12.00,0.00,0,2072/2073 BS
MPFL,15.00,0.00,0,2071/2072 BS
MPFL,12.00,0.00,0,2070/2071 BS
MPFL,0.00,10.00,0,2068/2069 BS
MSHL,15.00,0.79,0,2081/2082 BS
MSLB,20.00,5.00,0,2078/2079 BS
MSLB,26.00,0.00,0,2077/2078 BS
MSLB,20.00,1.05,0,2076/2077 BS
MSLB,20.00,11.58,50.00,2075/2076 BS
MSLB,20.00,1.05,0,2074/2075 BS
MSLB,50.00,10.00,0,2073/2074 BS
MSMBS,10.00,0.53,0,2076/2077 BS
MSMBS,10.00,7.50,0,2075/2076 BS
MSMBS,0.00,8.00,0,2074/2075 BS
MSMBS,0.00,5.00,0,2073/2074 BS
MSMBS,10.00,0.52,0,2072/2073 BS
MuktinathCap,0.00,18.00,0,2077/2078 BS
NABBC,0,0,100.00,2082/2083 BS
NABBC,0,0,100.00,2078/2079 BS
NABBC,0,0,100.00,2077/2078 BS
NABIL,0.00,10.00,0,2080/2081 BS
NABIL,0.00,11.00,0,2079/2080 BS
NABIL,18.50,11.50,0,2078/2079 BS
NABIL,33.60,4.40,0,2077/2078 BS
NABIL,33.50,1.76,0,2076/2077 BS
NABIL,12.00,22.00,0,2075/2076 BS
NABIL,12.00,22.00,0,2074/2075 BS
NABIL,30.00,18.00,0,2073/2074 BS
NABIL,30.00,15.00,0,2072/2073 BS
NABIL,30.00,6.84,0,2071/2072 BS
NABIL,20.00,45.00,0,2070/2071 BS
NABIL,25.00,40.00,0,2069/2070 BS
NABIL,20.00,40.00,0,2068/2069 BS
NABIL,0.00,30.00,0,2067/2068 BS
NABILP,12.00,22.00,0,2074/2075 BS
NABILP,30.00,18.00,0,2073/2074 BS
NABILP,30.00,15.00,0,2072/2073 BS
NABILP,30.00,6.84,0,2071/2072 BS
NABILP,20.00,45.00,0,2070/2071 BS
NABILP,25.00,40.00,0,2069/2070 BS
NABILP,20.00,40.00,0,2068/2069 BS
NABILP,0.00,30.00,0,2067/2068 BS
NADDF,0.00,5.55,0,2081/2082 BS
NADDF,0.00,10.00,0,2080/2081 BS
NADDF,0.00,10.00,0,2079/2080 BS
NADDF,0.00,6.00,0,2078/2079 BS
NADDF,0.00,10.00,0,2077/2078 BS
NADEP,20.00,1.05,0,2077/2078 BS
NADEP,10.00,0.00,100.00,2075/2076 BS
NADEP,15.00,1.58,0,2074/2075 BS
NAGRO,15.00,0.00,0,2075/2076 BS
NBB,0,0,147.52,2079/2080 BS
NBB,12.00,3.50,0,2077/2078 BS
NBB,6.00,2.42,0,2076/2077 BS
NBB,5.00,7.00,0,2075/2076 BS
NBB,0.00,10.53,80.00,2074/2075 BS
NBB,12.00,3.79,0,2073/2074 BS
NBB,32.00,1.68,0,2072/2073 BS
NBB,25.00,1.32,0,2071/2072 BS
NBB,10.00,12.00,0,2070/2071 BS
NBB,10.00,7.89,0,2069/2070 BS
NBBL,26.00,1.37,100.00,2075/2076 BS
NBBL,9.38,0.49,0,2074/2075 BS
NBBL,45.60,2.40,50.00,2073/2074 BS
NBBL,60.00,20.00,0,2072/2073 BS
NBBL,39.86,20.00,0,2070/2071 BS
NBF1,0.00,42.00,0,2073/2074 BS
NBF1,0.00,30.00,0,2072/2073 BS
NBF1,0.00,14.00,0,2071/2072 BS
NBF1,0.00,14.00,0,2070/2071 BS
NBF2,0.00,13.00,0,2081/2082 BS
NBF2,0.00,8.00,0,2080/2081 BS
NBF2,0.00,9.60,0,2079/2080 BS
NBF2,0.00,7.00,0,2078/2079 BS
NBF2,0.00,35.00,0,2077/2078 BS
NBF2,0.00,9.00,0,2076/2077 BS
NBF3,0.00,13.00,0,2081/2082 BS
NBL,2.00,10.00,0,2078/2079 BS
NBL,14.00,3.00,0,2077/2078 BS
NBL,12.00,4.00,0,2076/2077 BS
NBL,15.00,10.00,0,2075/2076 BS
NBL,0,0,23.74,2074/2075 BS
NBL,0,0,951.57,2069/2070 BS
NBSL,0,0,100.00,2073/2074 BS
NCCB,3.37,7.63,0,2078/2079 BS
NCCB,8.00,0.42,0,2077/2078 BS
NCCB,10.27,0.54,0,2076/2077 BS
NCCB,15.00,0.78,50.00,2075/2076 BS
NCCB,15.89,0.83,0,2074/2075 BS
NCCB,16.00,0.00,0,2071/2072 BS
NCCB,38.00,2.00,0,2070/2071 BS
NCCB,5.00,0.26,0,2068/2069 BS
NCDB,1.00,6.42,120.00,2074/2075 BS
NCDB,8.61,0.45,0,2073/2074 BS
NCDB,5.15,0.27,0,2072/2073 BS
NCDB,9.50,0.50,0,2071/2072 BS
NEF,0.00,5.00,0,2078/2079 BS
NEF,0.00,40.00,0,2077/2078 BS
NEF,0.00,6.00,0,2076/2077 BS
NESDO,14.25,0.75,0,2080/2081 BS
NESDO,0.00,15.00,0,2078/2079 BS
NFCF,0.00,9.00,0,2081/2082 BS
NFCF,0.00,5.00,0,2080/2081 BS
NFS,0,0,70.00,2078/2079 BS
NFS,0,0,125.00,2076/2077 BS
NFS,22.00,1.16,0,2067/2068 BS
NGPL,4.75,0.25,100.00,2081/2082 BS
NGPL,0,0,150.00,2079/2080 BS
NGPL,4.75,0.25,0,2078/2079 BS
NGPL,20.00,1.05,0,2077/2078 BS
NGPL,10.00,0.53,0,2076/2077 BS
NGPL,0.00,10.00,0,2075/2076 BS
NGPL,0.00,10.00,0,2074/2075 BS
NGPL,10.00,0.53,0,2073/2074 BS
NGPL,0.00,5.00,0,2072/2073 BS
NHDL,9.00,0.47,0,2081/2082 BS
NHDL,8.00,0.42,0,2080/2081 BS
NHDL,7.00,0.37,0,2079/2080 BS
NHDL,5.00,0.03,0,2078/2079 BS
NHDL,7.00,0.37,0,2077/2078 BS
NHDL,15.00,0.79,0,2076/2077 BS
NHPC,0,0,50.00,2079/2080 BS
NHPC,18.83,0.98,0,2077/2078 BS
NIB,4.00,7.00,0,2078/2079 BS
NIB,12.61,3.39,0,2077/2078 BS
NIB,13.00,5.50,0,2076/2077 BS
NIB,10.50,8.50,0,2075/2076 BS
NIB,18.00,22.00,0,2074/2075 BS
NIB,15.00,25.00,0,2073/2074 BS
NIB,20.00,21.00,0,2072/2073 BS
NIB,33.00,1.74,0,2071/2072 BS
NIB,15.00,25.00,0,2070/2071 BS
NIB,10.00,25.00,0,2069/2070 BS
NIB,25.00,5.00,0,2068/2069 BS
NIB,25.00,25.00,0,2067/2068 BS
NIBLGF,0.00,10.00,0,2081/2082 BS
NIBLGF,0.00,6.35,0,2080/2081 BS
NIBLPF,0.00,6.80,0,2079/2080 BS
NIBLPF,0.00,4.20,0,2078/2079 BS
NIBLPF,0.00,50.00,0,2077/2078 BS
NIBLSF,0.00,7.00,0,2081/2082 BS
NIBLSF,0.00,4.00,0,2079/2080 BS
NIBLSF,0.00,7.20,0,2078/2079 BS
NIBLSF,0.00,50.00,0,2077/2078 BS
NIBLSF,0.00,8.25,0,2076/2077 BS
NIBSF1,0.00,35.00,0,2077/2078 BS
NIBSF1,0.00,12.00,0,2076/2077 BS
NIBSF1,0.00,6.50,0,2075/2076 BS
NIBSF1,0.00,12.00,0,2074/2075 BS
NIBSF1,0.00,18.00,0,2073/2074 BS
NIBSF1,0.00,15.00,0,2072/2073 BS
NIBSF2,0.00,7.00,0,2081/2082 BS
NICA,29.00,1.52,0,2079/2080 BS
NICA,19.00,1.00,0,2076/2077 BS
NICA,10.00,11.05,0,2075/2076 BS
NICA,10.00,0.53,0,2074/2075 BS
NICA,20.00,1.05,15.00,2073/2074 BS
NICA,26.00,1.37,25.00,2072/2073 BS
NICA,39.00,2.05,0,2071/2072 BS
NICA,15.00,15.00,0,2070/2071 BS
NICA,0.00,20.00,0,2069/2070 BS
NICACL,0.00,48.00,0,2077/2078 BS
NICBF,0.00,9.90,0,2081/2082 BS
NICBF,0.00,9.25,0,2080/2081 BS
NICBF,0.00,10.00,0,2079/2080 BS
NICBF,0.00,13.00,0,2078/2079 BS
NICBF,0.00,30.00,0,2077/2078 BS
NICBF,0.00,8.00,0,2076/2077 BS
NICFC,0.00,10.10,0,2081/2082 BS
NICFC,0.00,10.50,0,2080/2081 BS
NICGF,0.00,9.50,0,2080/2081 BS
NICGF,0.00,10.50,0,2079/2080 BS
NICGF,0.00,13.00,0,2078/2079 BS
NICGF,0.00,30.00,0,2077/2078 BS
NICGF,0.00,12.00,0,2076/2077 BS
NICGF,0.00,10.00,0,2075/2076 BS
NICL,0,0,34.78,2081/2082 BS
NICL,15.00,0.79,0,2080/2081 BS
NICL,10.00,0.53,0,2079/2080 BS
NICL,8.00,0.42,0,2078/2079 BS
NICL,11.00,0.58,0,2077/2078 BS
NICL,8.00,2.00,0,2076/2077 BS
NICL,5.00,2.89,65.00,2075/2076 BS
NICL,7.50,0.00,100.00,2074/2075 BS
NICL,4.52,0.00,0,2073/2074 BS
NICL,5.00,0.00,0,2072/2073 BS
NICL,9.00,0.47,100.00,2070/2071 BS
NICL,20.00,1.05,0,2068/2069 BS
NICL,7.37,0.00,0,2067/2068 BS
NICLBSL,0.00,15.00,0,2079/2080 BS
NICLBSL,0.00,14.75,0,2078/2079 BS
NICLBSL,0.00,5.41,0,2077/2078 BS
NICSF,0.00,8.65,0,2081/2082 BS
NICSF,0.00,14.00,0,2080/2081 BS
NIFRA,0.00,6.32,0,2081/2082 BS
NIFRA,0.00,4.21,0,2079/2080 BS
NIFRA,0.00,4.21,0,2078/2079 BS
NIFRA,8.00,0.42,0,2077/2078 BS
NIL,7.00,0.37,25.00,2080/2081 BS
NIL,15.00,0.79,0,2078/2079 BS
NIL,15.00,0.79,0,2077/2078 BS
NIL,15.50,0.82,0,2076/2077 BS
NIL,0.00,8.16,0,2075/2076 BS
NIL,12.00,0.63,50.00,2074/2075 BS
NIL,10.00,0.52,100.00,2073/2074 BS
NIL,20.00,1.05,84.88,2072/2073 BS
NIL,15.00,0.78,0,2071/2072 BS
NIL,12.71,0.67,0,2070/2071 BS
NIL,11.50,0.00,0,2068/2069 BS
NIL,5.00,0.00,0,2067/2068 BS
NIMB,0.00,0.00,0,2079/2080 BS
NIMBPO,10.50,8.50,0,2075/2076 BS
NIMBPO,18.00,22.00,0,2074/2075 BS
NIMBPO,15.00,25.00,0,2073/2074 BS
NIMBPO,20.00,21.00,0,2072/2073 BS
NIMBPO,33.00,1.74,0,2071/2072 BS
NIMBPO,15.00,25.00,0,2070/2071 BS
NIMBPO,10.00,25.00,0,2069/2070 BS
NIMBPO,25.00,5.00,0,2068/2069 BS
NIMBPO,25.00,25.00,0,2067/2068 BS
NLBBL,22.00,1.16,0,2078/2079 BS
NLBBL,21.49,1.13,0,2077/2078 BS
NLBBL,8.00,0.42,0,2076/2077 BS
NLBBL,15.00,5.79,0,2074/2075 BS
NLBBL,13.00,7.68,50.00,2073/2074 BS
NLBBL,20.00,11.05,0,2072/2073 BS
NLBBL,44.00,2.32,0,2071/2072 BS
NLBBL,25.00,21.32,0,2070/2071 BS
NLBBL,55.00,0.00,0,2069/2070 BS
NLBBL,15.00,10.79,0,2068/2069 BS
NLBBL,40.00,10.00,0,2067/2068 BS
NLG,0,0,62.56,2081/2082 BS
NLG,2.50,0.13,0,2080/2081 BS
NLG,5.50,0.29,0,2079/2080 BS
NLG,10.00,0.53,0,2078/2079 BS
NLG,10.00,0.53,0,2077/2078 BS
NLG,10.00,0.53,60.00,2076/2077 BS
NLG,7.00,0.37,0,2075/2076 BS
NLG,25.00,1.32,0,2073/2074 BS
NLG,25.00,1.31,0,2072/2073 BS
NLG,20.00,0.00,0,2071/2072 BS
NLG,15.00,6.05,0,2070/2071 BS
NLG,10.00,11.05,0,2069/2070 BS
NLG,20.00,0.00,0,2068/2069 BS
NLIC,10.00,11.05,0,2080/2081 BS
NLIC,0.00,21.05,0,2079/2080 BS
NLIC,0.00,15.79,0,2077/2078 BS
NLIC,14.00,0.74,0,2076/2077 BS
NLIC,31.00,20.00,0,2075/2076 BS
NLIC,25.00,23.50,0,2074/2075 BS
NLIC,42.00,28.50,0,2073/2074 BS
NLIC,25.00,1.31,0,2072/2073 BS
NLIC,25.00,1.31,0,2071/2072 BS
NLIC,60.00,8.00,0,2070/2071 BS
NLIC,70.00,28.50,0,2069/2070 BS
NLIC,70.00,56.31,0,2068/2069 BS
NLICL,5.00,10.00,0,2080/2081 BS
NLICL,4.00,10.00,0,2079/2080 BS
NLICL,8.00,6.50,0,2078/2079 BS
NLICL,15.00,0.79,0,2077/2078 BS
NLICL,19.00,1.00,0,2076/2077 BS
NLICL,10.00,0.53,60.00,2075/2076 BS
NLICL,2.50,12.00,0,2074/2075 BS
NLICL,13.50,0.00,0,2073/2074 BS
NLICL,25.00,1.32,0,2072/2073 BS
NLICL,30.00,1.58,0,2071/2072 BS
NLICL,30.00,8.00,0,2070/2071 BS
NLICL,55.00,17.50,0,2069/2070 BS
NLICL,25.00,0.00,0,2068/2069 BS
NLICL,30.00,1.58,0,2067/2068 BS
NLO,20.00,1.05,0,2081/2082 BS
NLO,20.00,5.00,0,2080/2081 BS
NLO,25.00,5.00,0,2079/2080 BS
NLO,25.00,5.00,0,2078/2079 BS
NLO,30.00,5.00,0,2077/2078 BS
NLO,0.00,10.00,0,2076/2077 BS
NLO,0.00,30.00,0,2075/2076 BS
NLO,10.00,30.00,0,2074/2075 BS
NLO,0.00,25.00,0,2073/2074 BS
NLO,10.00,10.00,0,2072/2073 BS
NLO,0.00,10.00,0,2071/2072 BS
NLO,0.00,20.00,0,2070/2071 BS
NLO,20.00,20.00,0,2069/2070 BS
NMB,5.00,5.00,0,2081/2082 BS
NMB,0.00,8.25,0,2078/2079 BS
NMB,12.50,3.30,0,2077/2078 BS
NMB,13.00,3.20,0,2076/2077 BS
NMB,21.00,14.00,0,2075/2076 BS
NMB,10.00,20.00,0,2074/2075 BS
NMB,15.00,0.79,0,2073/2074 BS
NMB,19.00,1.00,0,2072/2073 BS
NMB,8.00,0.42,0,2071/2072 BS
NMB,20.00,1.05,0,2070/2071 BS
NMB,0.00,10.00,0,2069/2070 BS
NMB,0.00,0.00,0,2068/2069 BS
NMB,0.00,9.00,0,2067/2068 BS
NMB50,0.00,15.00,0,2081/2082 BS
NMB50,0.00,15.00,0,2080/2081 BS
NMB50,0.00,15.00,0,2079/2080 BS
NMB50,0.00,21.05,0,2078/2079 BS
NMB50,0.00,30.00,0,2077/2078 BS
NMB50,0.00,5.00,0,2076/2077 BS
NMBCL,0.00,30.00,0,2077/2078 BS
NMBHF1,0.00,15.00,0,2079/2080 BS
NMBHF1,0.00,21.05,0,2078/2079 BS
NMBHF1,0.00,20.00,0,2077/2078 BS
NMBHF1,0.00,8.00,0,2076/2077 BS
NMBHF1,0.00,10.00,0,2075/2076 BS
NMBMF,0.00,0.00,0,2079/2080 BS
NMBMF,10.00,0.53,0,2078/2079 BS
NMBMF,21.50,1.13,0,2077/2078 BS
NMBMF,19.00,1.00,150.00,2076/2077 BS
NMBMF,12.00,0.63,0,2075/2076 BS
NMBMF,15.00,0.78,0,2074/2075 BS
NMBMF,25.00,1.32,120.00,2073/2074 BS
NMBMF,25.00,1.31,0,2072/2073 BS
NMBMF,15.00,0.00,0,2071/2072 BS
NMBSBF,0.00,4.27,0,2081/2082 BS
NMBSF1,0.00,15.00,0,2075/2076 BS
NMBSF1,0.00,21.05,0,2074/2075 BS
NMBSF1,0.00,21.06,0,2073/2074 BS
NMBSF1,0.00,20.00,0,2072/2073 BS
NMFBS,14.25,0.75,0,2080/2081 BS
NMFBS,7.50,7.50,0,2079/2080 BS
NMFBS,15.00,0.00,0,2078/2079 BS
NMFBS,40.00,5.00,0,2077/2078 BS
NMFBS,21.00,6.00,0,2076/2077 BS
NMFBS,75.00,5.00,0,2075/2076 BS
NMFBS,25.00,15.00,0,2074/2075 BS
NMFBS,20.00,15.00,0,2073/2074 BS
NNLB,20.00,1.05,250.00,2075/2076 BS
NNLB,20.00,1.05,0,2073/2074 BS
NRIC,4.75,0.25,0,2079/2080 BS
NRIC,4.75,0.25,0,2078/2079 BS
NRIC,5.00,0.26,0,2077/2078 BS
NRIC,16.50,2.50,0,2076/2077 BS
NRN,40.00,2.11,0,2081/2082 BS
NRN,5.00,0.26,0,2080/2081 BS
NRN,0.00,5.26,0,2078/2079 BS
NRN,5.00,0.26,0,2077/2078 BS
NRN,2.85,0.15,0,2076/2077 BS
NSIF2,0.00,15.00,0,2081/2082 BS
NSIF2,0.00,10.00,0,2080/2081 BS
NSLB,0.00,0.00,0,2079/2080 BS
NSLB,19.00,1.00,0,2078/2079 BS
NSLB,19.00,1.00,0,2077/2078 BS
NSLB,8.12,0.43,0,2076/2077 BS
NTC,0.00,30.00,0,2080/2081 BS
NTC,0.00,40.00,0,2079/2080 BS
NTC,0.00,40.00,0,2078/2079 BS
NTC,20.00,20.00,0,2077/2078 BS
NTC,0.00,40.00,0,2076/2077 BS
NTC,0.00,45.00,0,2075/2076 BS
NTC,0.00,55.00,0,2074/2075 BS
NTC,0.00,55.00,0,2073/2074 BS
NTC,0.00,51.00,0,2072/2073 BS
NTC,0.00,50.00,0,2071/2072 BS
NTC,0.00,47.00,0,2070/2071 BS
NTC,0.00,46.00,0,2069/2070 BS
NTC,0.00,48.00,0,2068/2069 BS
NTC,0.00,45.00,0,2067/2068 BS
NUBL,19.00,1.00,0,2078/2079 BS
NUBL,29.50,1.55,0,2077/2078 BS
NUBL,13.00,0.68,0,2076/2077 BS
NUBL,25.00,15.53,0,2075/2076 BS
NUBL,20.00,22.11,0,2074/2075 BS
NUBL,66.67,14.04,0,2073/2074 BS
NUBL,20.00,11.58,0,2072/2073 BS
NUBL,48.81,13.10,0,2071/2072 BS
NUBL,40.00,12.63,0,2070/2071 BS
NUBL,20.00,11.58,0,2069/2070 BS
NUBL,3.92,11.87,0,2068/2069 BS
NUBL,8.00,0.42,0,2067/2068 BS
ODBL,0,0,30.00,2074/2075 BS
OHL,5.00,0.26,0,2080/2081 BS
OHL,0.00,5.26,0,2079/2080 BS
OHL,5.00,10.79,0,2075/2076 BS
OHL,15.00,11.32,0,2074/2075 BS
OHL,18.00,6.21,0,2073/2074 BS
OHL,20.00,6.32,0,2072/2073 BS
OHL,20.00,0.00,0,2071/2072 BS
OHL,10.00,0.00,0,2070/2071 BS
PCBL,0.00,5.00,0,2080/2081 BS
PCBL,4.95,4.00,0,2078/2079 BS
PCBL,16.00,0.63,0,2077/2078 BS
PCBL,15.00,0.00,0,2076/2077 BS
PCBL,16.00,0.00,0,2075/2076 BS
PCBL,16.00,0.00,0,2074/2075 BS
PCBL,27.00,0.00,33.33,2073/2074 BS
PCBL,17.25,1.21,0,2072/2073 BS
PCBL,18.00,0.95,0,2071/2072 BS
PCBL,19.00,1.00,0,2070/2071 BS
PCBL,10.00,5.00,0,2069/2070 BS
PCBL,4.00,7.58,0,2068/2069 BS
PCBL,0.00,12.63,0,2067/2068 BS
PFL,4.00,0.21,0,2078/2079 BS
PFL,8.08,0.43,0,2077/2078 BS
PFL,5.00,0.26,0,2076/2077 BS
PFL,7.00,7.20,0,2075/2076 BS
PFL,5.00,8.68,15.00,2074/2075 BS
PFL,8.26,0.44,0,2073/2074 BS
PFL,13.50,0.71,0,2072/2073 BS
PFL,48.50,2.55,0,2071/2072 BS
PFL,6.00,10.00,0,2070/2071 BS
PFL,0.00,10.00,0,2067/2068 BS
PIC,5.00,10.00,0,2078/2079 BS
PIC,14.25,0.75,0,2077/2078 BS
PIC,0.00,11.05,0,2076/2077 BS
PIC,84.00,0.00,0,2074/2075 BS
PIC,13.52,0.00,0,2073/2074 BS
PIC,20.00,1.05,0,2072/2073 BS
PIC,30.00,1.02,115.00,2071/2072 BS
PIC,14.00,0.00,0,2070/2071 BS
PIC,15.00,0.79,0,2068/2069 BS
PICL,3.33,0.18,0,2078/2079 BS
PICL,7.00,0.37,0,2077/2078 BS
PICL,8.00,0.42,100.00,2076/2077 BS
PICL,0,0,30.00,2074/2075 BS
PICL,20.00,1.05,0,2073/2074 BS
PICL,20.00,1.05,0,2072/2073 BS
PICL,10.00,0.00,0,2071/2072 BS
PICL,8.00,0.00,0,2069/2070 BS
PICL,25.00,0.00,0,2068/2069 BS
PLI,9.80,0.52,0,2077/2078 BS
PLIC,13.00,0.68,0,2077/2078 BS
PLIC,15.00,0.87,0,2076/2077 BS
PLIC,7.00,8.00,160.00,2075/2076 BS
PLIC,12.50,0.00,0,2074/2075 BS
PLIC,12.50,0.66,0,2073/2074 BS
PLIC,25.00,0.00,0,2072/2073 BS
PLIC,13.00,0.00,0,2068/2069 BS
PLIC,20.00,1.05,0,2067/2068 BS
PMLI,8.00,0.42,0,2080/2081 BS
PMLI,10.00,0.53,0,2079/2080 BS
PPCL,0.00,7.00,0,2078/2079 BS
PPL,0,0,50.00,2081/2082 BS
PRIN,18.00,0.95,0,2081/2082 BS
PRIN,4.75,0.25,0,2079/2080 BS
PRIN,6.70,0.35,0,2078/2079 BS
PRIN,11.00,0.58,0,2077/2078 BS
PRIN,10.00,0.53,0,2076/2077 BS
PRIN,5.00,11.32,46.00,2075/2076 BS
PRIN,19.20,1.01,0,2073/2074 BS
PRIN,17.00,0.00,0,2072/2073 BS
PRIN,12.00,0.00,0,2071/2072 BS
PROFL,6.00,0.32,0,2077/2078 BS
PROFL,0,0,281.00,2075/2076 BS
PROFL,0,0,75.00,2072/2073 BS
PRSF,0.00,10.00,0,2081/2082 BS
PRSF,0.00,8.50,0,2080/2081 BS
PRVU,6.50,1.50,0,2078/2079 BS
PRVU,12.00,0.63,0,2077/2078 BS
PRVU,10.00,0.53,0,2076/2077 BS
PRVU,16.00,0.84,0,2075/2076 BS
PRVU,8.00,0.42,40.00,2074/2075 BS
PRVU,0,0,20.00,2072/2073 BS
PSF,0.00,12.00,0,2081/2082 BS
PSF,0.00,10.00,0,2080/2081 BS
PSF,0.00,9.50,0,2079/2080 BS
PURBL,5.00,6.37,25.00,2074/2075 BS
PURBL,19.19,1.01,0,2073/2074 BS
PURBL,24.70,1.30,0,2072/2073 BS
PURBL,23.27,1.22,0,2071/2072 BS
PURBL,23.75,0.00,0,2070/2071 BS
PURBL,10.00,4.00,0,2069/2070 BS
PURBL,0.00,7.36,0,2068/2069 BS
PURBL,0.00,6.00,0,2067/2068 BS
RADHI,4.75,0.25,0,2080/2081 BS
RADHI,4.75,0.25,147.52,2079/2080 BS
RADHI,36.50,0.00,0,2076/2077 BS
RADHI,5.00,5.00,0,2074/2075 BS
RADHI,10.00,0.60,0,2073/2074 BS
RBB,5.00,7.50,0,2078/2079 BS
RBCL,114.27,6.00,0,2062/2063 BS
RFPL,0,0,100.00,2082/2083 BS
RHGCL,0,0,100.00,2081/2082 BS
RHPC,0.00,12.60,0,2077/2078 BS
RHPC,5.00,0.26,0,2076/2077 BS
RHPC,5.00,0.26,0,2075/2076 BS
RHPC,6.00,0.32,0,2074/2075 BS
RHPC,6.00,0.32,0,2073/2074 BS
RHPC,6.00,0.32,35.00,2072/2073 BS
RHPC,0.00,10.53,0,2071/2072 BS
RHPC,10.00,0.53,0,2070/2071 BS
RIDI,0,0,50.00,2080/2081 BS
RIDI,40.00,2.10,0,2078/2079 BS
RLFL,0.00,0.00,0,2079/2080 BS
RLFL,6.50,0.34,0,2078/2079 BS
RLFL,15.00,0.79,0,2077/2078 BS
RLFL,10.00,0.53,0,2076/2077 BS
RLFL,0.00,6.58,0,2075/2076 BS
RLFL,0.00,2.63,45.00,2074/2075 BS
RLFL,12.00,0.63,0,2073/2074 BS
RLFL,15.00,0.79,0,2072/2073 BS
RLFL,20.00,1.05,0,2071/2072 BS
RLI,0.00,5.26,0,2076/2077 BS
RMDC,26.00,1.37,0,2078/2079 BS
RMDC,20.00,5.00,0,2077/2078 BS
RMDC,15.00,5.00,0,2076/2077 BS
RMDC,12.50,12.50,0,2075/2076 BS
RMDC,10.00,10.00,0,2074/2075 BS
RMDC,5.00,15.00,0,2073/2074 BS
RMDC,10.00,10.00,0,2072/2073 BS
RMDC,10.00,16.32,0,2071/2072 BS
RMDC,10.00,21.58,0,2070/2071 BS
RMDC,0.00,15.00,0,2069/2070 BS
RMF1,0.00,20.00,0,2081/2082 BS
RMF1,0.00,3.81,0,2080/2081 BS
RMF2,0.00,13.00,0,2081/2082 BS
RMF2,0.00,8.74,0,2080/2081 BS
RNLI,12.00,0.63,0,2080/2081 BS
RNLI,16.00,0.84,0,2079/2080 BS
RRHP,0.00,12.60,0,2077/2078 BS
RSDC,0.00,8.00,0,2081/2082 BS
RSDC,9.50,0.50,0,2080/2081 BS
RSDC,8.60,0.45,0,2079/2080 BS
RSDC,8.00,3.00,0,2078/2079 BS
RSDC,10.00,0.53,0,2077/2078 BS
RSDC,9.00,3.63,0,2076/2077 BS
RSDC,6.00,10.00,60.00,2075/2076 BS
RSDC,10.00,0.53,200.00,2074/2075 BS
RSDC,13.00,0.68,0,2073/2074 BS
RSDC,15.00,0.79,0,2072/2073 BS
RURU,15.00,0.79,0,2080/2081 BS
RURU,0.00,10.53,0,2079/2080 BS
RURU,10.00,0.53,0,2078/2079 BS
RURU,10.00,0.53,0,2077/2078 BS
SABSL,18.00,0.95,0,2078/2079 BS
SABSL,31.05,1.63,0,2077/2078 BS
SABSL,10.50,0.55,0,2076/2077 BS
SABSL,13.00,0.68,0,2075/2076 BS
SADBL,5.00,5.36,0,2081/2082 BS
SADBL,3.65,0.19,0,2080/2081 BS
SADBL,5.00,0.26,0,2079/2080 BS
SADBL,8.53,0.45,0,2078/2079 BS
SADBL,10.00,0.53,0,2077/2078 BS
SADBL,5.00,0.26,0,2076/2077 BS
SADBL,0.00,8.96,0,2075/2076 BS
SADBL,4.00,5.45,80.00,2074/2075 BS
SADBL,2.50,9.30,0,2073/2074 BS
SADBL,16.07,0.85,25.00,2072/2073 BS
SADBL,20.85,0.00,0,2071/2072 BS
SADBL,15.00,6.30,0,2070/2071 BS
SADBL,0.00,19.17,0,2069/2070 BS
SADBL,0.00,11.00,0,2068/2069 BS
SADBL,0.00,10.00,0,2067/2068 BS
SAEF,0.00,15.00,0,2080/2081 BS
SAEF,0.00,18.00,0,2079/2080 BS
SAEF,0.00,22.00,0,2078/2079 BS
SAEF,0.00,33.00,0,2077/2078 BS
SAEF,0.00,7.00,0,2076/2077 BS
SAEF,0.00,10.00,0,2075/2076 BS
SAFL,0,0,80.00,2073/2074 BS
SAGF,0.00,15.79,0,2081/2082 BS
SAGF,0.00,10.00,0,2080/2081 BS
SAHAS,21.00,1.11,0,2081/2082 BS
SAHAS,8.00,0.42,0,2080/2081 BS
SALICO,0.00,15.00,0,2080/2081 BS
SALICO,0.00,5.00,0,2079/2080 BS
SAMAJ,14.25,0.75,0,2078/2079 BS
SANIMA,0.00,7.37,0,2081/2082 BS
SANIMA,0.00,5.26,0,2080/2081 BS
SANIMA,9.00,5.70,0,2079/2080 BS
SANIMA,10.00,0.98,0,2078/2079 BS
SANIMA,17.00,0.89,0,2077/2078 BS
SANIMA,10.00,3.60,0,2076/2077 BS
SANIMA,10.00,11.05,0,2075/2076 BS
SANIMA,0.00,14.00,0,2074/2075 BS
SANIMA,16.00,0.00,30.00,2073/2074 BS
SANIMA,15.00,0.79,50.00,2072/2073 BS
SANIMA,20.00,1.05,0,2071/2072 BS
SANIMA,15.00,0.79,0,2070/2071 BS
SANIMA,10.00,0.53,0,2069/2070 BS
SANIMA,0.00,5.50,0,2068/2069 BS
SANIMA,0.00,6.50,0,2067/2068 BS
SAPDBL,6.00,0.42,0,2075/2076 BS
SAPDBL,3.00,5.03,130.00,2074/2075 BS
SAPDBL,4.78,0.25,100.00,2073/2074 BS
SAPDBL,11.00,0.00,0,2072/2073 BS
SARBTM,5.00,15.00,0,2081/2082 BS
SARBTM,7.00,3.00,0,2080/2081 BS
SARBTM,0.00,15.00,0,2079/2080 BS
SBBLJ,0.00,18.72,0,2075/2076 BS
SBBLJ,0.00,17.00,35.00,2074/2075 BS
SBBLJ,20.00,4.50,0,2073/2074 BS
SBBLJ,22.00,1.16,0,2072/2073 BS
SBBLJ,28.00,1.47,0,2071/2072 BS
SBBLJ,26.00,10.00,0,2070/2071 BS
SBBLJ,26.00,8.50,0,2069/2070 BS
SBBLJ,26.00,0.00,0,2068/2069 BS
SBBLJ,20.00,2.88,0,2067/2068 BS
SBCF,0.00,19.00,0,2081/2082 BS
SBI,4.00,5.00,0,2081/2082 BS
SBI,3.80,6.85,0,2080/2081 BS
SBI,3.75,6.80,0,2079/2080 BS
SBI,3.00,7.53,0,2078/2079 BS
SBI,3.50,1.81,0,2077/2078 BS
SBI,6.00,3.47,0,2076/2077 BS
SBI,6.00,10.84,0,2075/2076 BS
SBI,5.00,10.79,40.00,2074/2075 BS
SBI,15.42,0.81,0,2073/2074 BS
SBI,28.00,1.53,0,2072/2073 BS
SBI,27.00,1.42,0,2071/2072 BS
SBI,15.00,7.00,0,2070/2071 BS
SBI,12.50,7.50,0,2069/2070 BS
SBI,12.50,5.00,0,2068/2069 BS
SBI,12.50,5.00,0,2067/2068 BS
SBL,5.00,5.53,0,2081/2082 BS
SBL,0.00,4.00,0,2080/2081 BS
SBL,0.00,4.21,0,2079/2080 BS
SBL,12.50,0.66,0,2078/2079 BS
SBL,14.25,0.75,0,2077/2078 BS
SBL,12.00,3.00,0,2076/2077 BS
SBL,10.00,15.26,10.00,2075/2076 BS
SBL,5.00,8.16,30.00,2074/2075 BS
SBL,14.00,0.00,25.00,2073/2074 BS
SBL,39.00,0.00,0,2072/2073 BS
SBL,20.00,1.05,0,2071/2072 BS
SBL,12.00,11.16,0,2070/2071 BS
SBL,12.00,10.11,0,2069/2070 BS
SBL,0.00,8.42,0,2068/2069 BS
SBL,3.00,12.79,0,2067/2068 BS
SCB,0.00,19.00,0,2081/2082 BS
SCB,6.50,19.00,0,2080/2081 BS
SCB,0.00,19.00,0,2079/2080 BS
SCB,0.00,16.51,0,2078/2079 BS
SCB,10.00,3.06,0,2077/2078 BS
SCB,7.00,4.84,0,2076/2077 BS
SCB,0.00,22.50,0,2075/2076 BS
SCB,0.00,17.50,0,2074/2075 BS
SCB,100.00,5.26,0,2073/2074 BS
SCB,33.33,1.75,0,2072/2073 BS
SCB,25.00,19.21,0,2071/2072 BS
SCB,10.00,41.50,0,2070/2071 BS
SCB,10.00,40.00,0,2069/2070 BS
SCB,15.00,45.00,0,2068/2069 BS
SCB,0.00,50.00,0,2067/2068 BS
SDESI,20.00,15.00,100.00,2075/2076 BS
SDESI,0.00,0.00,0,2074/2075 BS
SDESI,15.00,0.00,0,2073/2074 BS
SDLBSL,19.00,1.00,0,2078/2079 BS
SDLBSL,25.00,1.32,0,2077/2078 BS
SDLBSL,18.00,0.95,0,2076/2077 BS
SEF,0.00,20.00,0,2081/2082 BS
SEF,0.00,5.00,0,2079/2080 BS
SEF,0.00,9.00,0,2078/2079 BS
SEF,0.00,30.00,0,2077/2078 BS
SEF,0.00,7.50,0,2076/2077 BS
SEF,0.00,11.00,0,2075/2076 BS
SEOS,0.00,12.00,0,2074/2075 BS
SEOS,0.00,25.00,0,2073/2074 BS
SEOS,0.00,16.00,0,2072/2073 BS
SETI,0,0,150.00,2073/2074 BS
SEWA,0,0,120.00,2073/2074 BS
SFCL,0,0,50.00,2078/2079 BS
SFCL,0,0,200.00,2076/2077 BS
SFEF,0.00,13.50,0,2081/2082 BS
SFEF,0.00,4.50,0,2080/2081 BS
SFFIL,13.59,0.68,60.00,2076/2077 BS
SFFIL,15.00,0.79,0,2075/2076 BS
SFFIL,15.00,9.50,0,2074/2075 BS
SFFIL,32.50,1.71,0,2073/2074 BS
SFFIL,50.00,2.63,50.00,2072/2073 BS
SFFIL,60.00,3.15,0,2070/2071 BS
SFFIL,0,0,200.00,2069/2070 BS
SFFILP,13.59,0.68,0,2076/2077 BS
SFMF,0.00,14.00,0,2081/2082 BS
SFMF,0.00,12.50,0,2080/2081 BS
SFMF,0.00,16.00,0,2079/2080 BS
SFMF,0.00,12.00,0,2078/2079 BS
SFMF,0.00,50.00,0,2077/2078 BS
SFMF,0.00,7.00,0,2076/2077 BS
SGIC,7.50,0.39,0,2080/2081 BS
SGIC,0.00,0.00,0,2079/2080 BS
SHBL,0.27,5.32,0,2076/2077 BS
SHBL,0,0,250.00,2075/2076 BS
SHBL,12.30,0.60,0,2074/2075 BS
SHBL,23.00,1.21,150.00,2073/2074 BS
SHBL,18.00,0.00,0,2072/2073 BS
SHBL,35.00,0.00,0,2071/2072 BS
SHBL,18.00,0.00,0,2070/2071 BS
SHEL,5.00,0.00,0,2081/2082 BS
SHEL,0,0,100.00,2080/2081 BS
SHINE,3.00,10.00,0,2081/2082 BS
SHINE,3.00,5.00,0,2080/2081 BS
SHINE,10.50,0.55,0,2079/2080 BS
SHINE,13.30,0.70,0,2078/2079 BS
SHINE,10.93,0.57,0,2077/2078 BS
SHINE,13.00,0.00,0,2076/2077 BS
SHINE,15.00,0.00,0,2075/2076 BS
SHINE,17.70,0.93,0,2074/2075 BS
SHINE,25.00,0.00,0,2073/2074 BS
SHINE,27.00,0.00,0,2072/2073 BS
SHINE,27.00,1.42,0,2071/2072 BS
SHINE,10.00,12.00,50.00,2070/2071 BS
SHINE,20.00,0.00,0,2069/2070 BS
SHIVM,2.50,10.00,0,2081/2082 BS
SHIVM,8.55,0.45,0,2080/2081 BS
SHIVM,14.25,0.75,0,2079/2080 BS
SHIVM,0.00,10.53,0,2078/2079 BS
SHIVM,0.00,29.00,0,2077/2078 BS
SHIVM,0.00,24.21,0,2076/2077 BS
SHIVM,0.00,15.78,0,2075/2076 BS
SHIVM,0.00,15.78,0,2074/2075 BS
SHL,15.00,16.58,0,2081/2082 BS
SHL,10.00,26.84,0,2080/2081 BS
SHL,5.00,26.58,0,2079/2080 BS
SHL,5.00,21.32,0,2078/2079 BS
SHL,15.00,11.31,0,2075/2076 BS
SHL,10.00,16.31,0,2074/2075 BS
SHL,15.00,6.05,0,2073/2074 BS
SHL,10.00,11.05,0,2072/2073 BS
SHL,25.00,6.57,0,2071/2072 BS
SHL,40.00,17.89,0,2070/2071 BS
SHL,40.00,12.63,0,2069/2070 BS
SHL,20.00,32.63,0,2068/2069 BS
SHL,20.00,32.63,0,2067/2068 BS
SHPC,10.00,0.53,0,2080/2081 BS
SHPC,10.00,0.53,0,2079/2080 BS
SHPC,0.00,5.26,0,2078/2079 BS
SHPC,10.00,0.53,0,2077/2078 BS
SHPC,10.00,5.00,0,2076/2077 BS
SHPC,10.00,0.53,0,2075/2076 BS
SHPC,10.00,5.00,100.00,2074/2075 BS
SIC,12.40,0.65,0,2078/2079 BS
SIC,20.00,1.05,0,2077/2078 BS
SIC,11.00,0.58,0,2076/2077 BS
SIC,86.00,0.00,0,2074/2075 BS
SIC,22.00,1.15,0,2072/2073 BS
SIC,23.75,1.25,0,2071/2072 BS
SIC,15.00,0.79,0,2070/2071 BS
SIC,20.00,22.10,0,2069/2070 BS
SIC,100.00,29.62,0,2068/2069 BS
SICL,10.00,0.53,0,2080/2081 BS
SICL,0.00,0.00,0,2079/2080 BS
SICL,16.00,0.84,30.00,2078/2079 BS
SICL,27.77,1.46,30.00,2076/2077 BS
SICL,29.00,1.53,0,2073/2074 BS
SICL,60.00,3.15,0,2072/2073 BS
SICL,24.00,1.26,0,2071/2072 BS
SICL,20.00,1.05,50.00,2070/2071 BS
SICL,20.00,0.00,0,2069/2070 BS
SICL,40.00,0.00,0,2068/2069 BS
SIFC,0.00,6.40,0,2082/2083 BS
SIFC,1.87,0.10,0,2080/2081 BS
SIFC,0.00,5.05,0,2079/2080 BS
SIFC,2.40,5.20,0,2078/2079 BS
SIFC,7.70,3.30,0,2077/2078 BS
SIFC,7.37,3.16,0,2076/2077 BS
SIFC,2.35,10.65,0,2075/2076 BS
SIFC,1.23,8.77,83.00,2074/2075 BS
SIFC,26.57,0.00,0,2073/2074 BS
SIFC,10.50,0.55,0,2072/2073 BS
SIFC,11.61,0.61,0,2071/2072 BS
SIFC,12.00,0.63,0,2070/2071 BS
SIFC,10.00,10.40,0,2069/2070 BS
SIFC,0.00,15.79,0,2068/2069 BS
SIFC,15.02,7.11,0,2067/2068 BS
SIGS2,0.00,20.00,0,2081/2082 BS
SIGS2,0.00,6.50,0,2079/2080 BS
SIGS2,0.00,10.00,0,2078/2079 BS
SIGS2,0.00,30.00,0,2077/2078 BS
SIGS2,0.00,5.00,0,2076/2077 BS
SIGS3,0.00,17.00,0,2081/2082 BS
SIGS3,0.00,7.00,0,2080/2081 BS
SIKLES,15.00,0.79,0,2081/2082 BS
SIKLES,0.00,6.00,0,2079/2080 BS
SIKLES,0.00,10.53,0,2078/2079 BS
SIL,9.00,0.47,0,2078/2079 BS
SIL,15.00,0.79,0,2077/2078 BS
SIL,12.00,3.79,0,2076/2077 BS
SIL,0,0,35.00,2075/2076 BS
SIL,15.48,0.00,19.23,2074/2075 BS
SIL,20.00,1.05,0,2073/2074 BS
SIL,30.00,1.57,0,2072/2073 BS
SIL,25.00,0.00,0,2071/2072 BS
SIL,10.00,0.52,0,2070/2071 BS
SIL,32.00,0.00,0,2068/2069 BS
SINDU,11.49,0.60,0,2075/2076 BS
SINDU,0,0,80.00,2074/2075 BS
SINDU,5.95,0.31,0,2073/2074 BS
SINDU,16.80,0.88,100.00,2072/2073 BS
SINDU,12.50,0.66,0,2071/2072 BS
SINDU,7.50,0.40,0,2070/2071 BS
SINDU,0.00,4.50,0,2069/2070 BS
SJLIC,0.00,20.00,0,2080/2081 BS
SJLIC,10.26,24.74,0,2079/2080 BS
SKBBL,14.25,0.75,0,2081/2082 BS
SKBBL,13.30,0.70,0,2080/2081 BS
SKBBL,14.25,0.75,0,2079/2080 BS
SKBBL,26.00,1.37,0,2078/2079 BS
SKBBL,25.00,1.32,0,2077/2078 BS
SKBBL,25.00,1.32,0,2076/2077 BS
SKBBL,27.25,1.43,0,2075/2076 BS
SKBBL,25.00,1.31,0,2074/2075 BS
SKBBL,25.00,1.32,0,2073/2074 BS
SKBBL,25.00,1.31,50.00,2072/2073 BS
SKBBL,25.00,1.31,0,2071/2072 BS
SKBBL,0.00,15.78,0,2070/2071 BS
SKBBL,15.00,11.31,0,2069/2070 BS
SLBBL,13.89,0.73,0,2080/2081 BS
SLBBL,7.00,0.37,0,2079/2080 BS
SLBBL,22.00,1.58,0,2078/2079 BS
SLBBL,25.00,0.00,0,2077/2078 BS
SLBBL,13.27,0.70,0,2076/2077 BS
SLBBL,26.75,1.40,100.00,2075/2076 BS
SLBBL,20.00,1.05,50.00,2074/2075 BS
SLBBL,16.66,0.88,0,2073/2074 BS
SLBBL,30.40,1.60,0,2072/2073 BS
SLBBL,34.20,1.80,0,2071/2072 BS
SLBBL,27.39,20.00,0,2070/2071 BS
SLBBL,0.00,19.00,0,2069/2070 BS
SLBS,20.00,0.00,0,2077/2078 BS
SLBS,15.35,0.81,0,2076/2077 BS
SLBS,44.47,2.34,70.00,2075/2076 BS
SLBS,42.75,2.25,0,2074/2075 BS
SLBS,19.00,1.00,0,2073/2074 BS
SLBSL,10.00,5.00,0,2078/2079 BS
SLCF,0.00,21.05,0,2081/2082 BS
SLCF,0.00,4.00,0,2077/2078 BS
SLI,4.20,0.22,0,2076/2077 BS
SLICL,12.70,0.67,70.00,2076/2077 BS
SLICL,5.00,5.53,40.00,2075/2076 BS
SLICL,12.00,0.00,0,2074/2075 BS
SLICL,12.00,0.63,0,2073/2074 BS
SLICL,10.00,0.00,0,2072/2073 BS
SLICL,5.00,0.00,0,2071/2072 BS
SLICL,14.25,0.00,0,2068/2069 BS
SLK,0.00,16.00,0,2081/2082 BS
SMATA,5.00,0.26,0,2080/2081 BS
SMATA,5.42,0.29,0,2079/2080 BS
SMATA,15.00,3.00,0,2078/2079 BS
SMATA,20.00,5.00,0,2077/2078 BS
SMATA,20.00,6.32,200.00,2076/2077 BS
SMATA,15.00,16.58,50.00,2075/2076 BS
SMATA,6.67,7.37,0,2074/2075 BS
SMATA,20.00,11.58,0,2073/2074 BS
SMB,13.78,0.73,0,2080/2081 BS
SMB,13.00,0.68,0,2079/2080 BS
SMB,11.00,0.58,0,2078/2079 BS
SMB,30.00,1.58,0,2077/2078 BS
SMB,10.00,0.53,0,2075/2076 BS
SMFBS,5.00,0.26,0,2080/2081 BS
SMFBS,20.00,1.05,0,2078/2079 BS
SMFBS,32.30,1.70,0,2077/2078 BS
SMFBS,20.00,1.05,0,2076/2077 BS
SMFBS,24.00,1.27,0,2075/2076 BS
SMFDB,13.56,0.71,0,2078/2079 BS
SMFDB,25.29,0.00,0,2077/2078 BS
SMFDB,21.09,1.11,0,2075/2076 BS
SMFDB,23.53,1.24,100.00,2074/2075 BS
SMFDB,34.48,10.52,0,2073/2074 BS
SMFDB,45.00,2.36,0,2072/2073 BS
SMFDB,41.72,2.19,0,2071/2072 BS
SMFDB,26.00,12.95,0,2070/2071 BS
SMFDB,12.00,14.32,0,2069/2070 BS
SMFDB,0.00,15.79,0,2068/2069 BS
SMH,7.00,5.63,0,2080/2081 BS
SMHL,5.00,0.26,0,2081/2082 BS
SMHL,5.00,0.26,0,2080/2081 BS
SMHL,0.00,2.00,0,2079/2080 BS
SMJC,4.75,0.25,0,2080/2081 BS
SNLI,0,0,27.00,2081/2082 BS
SNLI,23.80,1.25,0,2079/2080 BS
SPARS,19.50,1.03,0,2076/2077 BS
SPARS,13.00,0.68,0,2075/2076 BS
SPDL,0,0,50.00,2080/2081 BS
SPDL,10.00,0.53,0,2077/2078 BS
SPDL,4.75,0.25,0,2076/2077 BS
SPIL,0.00,30.00,0,2080/2081 BS
SPIL,0.00,11.00,0,2079/2080 BS
SRBL,6.65,0.35,0,2077/2078 BS
SRBL,5.80,2.48,0,2076/2077 BS
SRBL,10.00,5.80,0,2075/2076 BS
SRBL,0.00,11.50,30.00,2074/2075 BS
SRBL,15.00,0.00,0,2073/2074 BS
SRBL,33.33,0.00,15.00,2072/2073 BS
SRBL,21.50,1.13,10.00,2071/2072 BS
SRBL,11.00,0.00,0,2069/2070 BS
SRBL,0.00,5.26,0,2068/2069 BS
SRBL,0.00,4.00,0,2067/2068 BS
SRLI,1.25,8.00,0,2080/2081 BS
SRLI,18.38,0.00,0,2079/2080 BS
SRLI,4.20,0.22,0,2076/2077 BS
SSHL,0,0,100.00,2082/2083 BS
SSIS,0.00,8.00,0,2081/2082 BS
STC,0.00,10.00,0,2080/2081 BS
STC,15.00,0.79,0,2079/2080 BS
STC,10.00,5.00,0,2078/2079 BS
STC,10.00,0.50,0,2077/2078 BS
STC,20.00,5.00,0,2076/2077 BS
STC,25.00,10.00,0,2075/2076 BS
STC,25.00,10.00,0,2074/2075 BS
STC,25.00,10.00,0,2073/2074 BS
STC,20.00,5.00,0,2072/2073 BS
STC,15.00,10.00,0,2071/2072 BS
STC,10.00,10.00,0,2070/2071 BS
STC,10.00,15.00,0,2069/2070 BS
STC,10.00,15.00,0,2068/2069 BS
STC,35.00,10.00,0,2067/2068 BS
SWBBL,5.64,4.36,0,2081/2082 BS
SWBBL,14.25,0.75,0,2080/2081 BS
SWBBL,12.36,0.65,0,2079/2080 BS
SWBBL,15.00,6.05,0,2078/2079 BS
SWBBL,19.00,6.00,0,2077/2078 BS
SWBBL,19.01,1.00,0,2076/2077 BS
SWBBL,26.00,14.00,0,2075/2076 BS
SWBBL,25.00,11.84,0,2074/2075 BS
SWBBL,20.00,11.57,0,2073/2074 BS
SWBBL,34.00,19.68,0,2072/2073 BS
SWBBL,42.00,10.63,0,2071/2072 BS
SWBBL,46.50,23.50,0,2070/2071 BS
SWBBL,14.00,13.37,0,2069/2070 BS
SWBBL,5.00,26.58,0,2068/2069 BS
SWBBL,5.00,26.58,0,2067/2068 BS
SWMF,6.00,0.96,0,2080/2081 BS
SWMF,14.08,0.00,0,2079/2080 BS
SWMF,15.00,0.00,0,2078/2079 BS
TBBL,0,0,50.00,2073/2074 BS
TDBL,0,0,100.00,2073/2074 BS
TMDBL,6.00,0.00,0,2076/2077 BS
TMDBL,12.00,0.00,0,2075/2076 BS
TMDBL,0,0,35.00,2074/2075 BS
TPC,0,0,100.00,2081/2082 BS
TRH,0.00,11.00,0,2080/2081 BS
TRH,4.00,11.00,0,2079/2080 BS
TRH,0.00,8.42,0,2078/2079 BS
TRH,0.00,10.00,0,2076/2077 BS
TRH,0.00,12.00,0,2075/2076 BS
TRH,0.63,12.00,0,2074/2075 BS
TRH,0.00,7.36,0,2073/2074 BS
UAIL,10.00,0.53,0,2080/2081 BS
UAIL,10.26,0.54,0,2079/2080 BS
UFL,3.00,7.53,0,2075/2076 BS
UFL,0.00,5.00,0,2074/2075 BS
UFL,19.00,0.00,0,2073/2074 BS
UFL,20.00,1.05,25.00,2072/2073 BS
UFL,15.00,0.79,0,2071/2072 BS
UFL,15.00,0.79,0,2070/2071 BS
UFL,0.00,12.50,0,2069/2070 BS
UFL,0.00,10.00,0,2068/2069 BS
UFL,0.00,13.16,0,2067/2068 BS
UIC,5.00,0.26,0,2078/2079 BS
UIC,0,0,240.00,2076/2077 BS
UIC,10.00,0.00,0,2072/2073 BS
UIC,20.00,0.00,150.00,2071/2072 BS
ULBSL,61.75,3.25,0,2078/2079 BS
ULI,8.97,0.00,0,2077/2078 BS
UMB,38.60,2.03,20.00,2075/2076 BS
UMB,40.50,2.13,0,2074/2075 BS
UMHL,7.00,0.37,0,2078/2079 BS
UMHL,0.00,5.26,0,2076/2077 BS
UMHL,0.00,8.42,0,2075/2076 BS
UMHL,0.00,5.00,0,2074/2075 BS
UMHL,0.00,5.00,0,2073/2074 BS
UMRH,4.00,0.21,0,2080/2081 BS
UMRH,5.50,0.29,0,2079/2080 BS
UMRH,0.00,10.53,0,2078/2079 BS
UNL,0.00,"1,842.00",0,2081/2082 BS
UNL,0.00,"1,714.00",0,2080/2081 BS
UNL,0.00,"1,580.00",0,2079/2080 BS
UNL,0.00,"1,215.00",0,2078/2079 BS
UNL,0.00,650.00,0,2077/2078 BS
UNL,0.00,100.00,0,2076/2077 BS
UNL,0.00,770.00,0,2075/2076 BS
UNL,0.00,700.00,0,2074/2075 BS
UNL,0.00,"1,270.00",0,2073/2074 BS
UNL,0.00,"1,020.00",0,2072/2073 BS
UNL,0.00,990.00,0,2071/2072 BS
UNL,0.00,860.00,0,2070/2071 BS
UNL,0.00,760.00,0,2069/2070 BS
UNL,0.00,680.00,0,2068/2069 BS
UPCL,9.00,0.47,0,2081/2082 BS
UPCL,8.55,0.45,0,2079/2080 BS
UPPER,0,0,100.00,2080/2081 BS
USLB,30.00,0.00,0,2077/2078 BS
USLB,17.81,0.00,0,2076/2077 BS
VLBS,0.00,0.00,0,2079/2080 BS
VLBS,20.00,1.05,0,2078/2079 BS
VLBS,20.03,1.05,0,2077/2078 BS
VLBS,19.00,1.00,0,2076/2077 BS
VLBS,15.00,5.00,0,2075/2076 BS
VLBS,10.00,0.53,0,2074/2075 BS
VLBS,10.00,5.00,0,2073/2074 BS
VLBS,15.00,5.00,0,2072/2073 BS
WDBL,0,0,100.00,2073/2074 BS
WNLB,0.00,0.00,0,2079/2080 BS
WNLB,9.33,0.50,0,2077/2078 BS
WNLB,2.50,0.13,0,2075/2076 BS
WNLB,0.00,5.20,0,2074/2075 BS
WOMI,20.00,0.00,0,2077/2078 BS
WOMI,30.00,0.00,100.00,2076/2077 BS
WOMI,10.00,0.53,30.00,2075/2076 BS
WOMI,0.00,25.00,0,2074/2075 BS
WOMI,20.00,1.05,0,2073/2074 BS
WOMI,20.00,1.10,0,2072/2073 BS
WOMI,20.00,1.10,50.00,2071/2072 BS
